sensor_id,timestamp,temperature,humidity,location,sensor_type
1045,2025-04-04T06:41:06.000Z,32.99,67.12,BuildingA_Floor2,TypeA
1097,2025-04-07T01:16:56.000Z,17.58,41.81,BuildingB_Floor1,TypeB
1061,2025-04-08T23:27:40.000Z,21.56,34.69,BuildingA_Floor2,TypeA
1012,2025-04-06T23:23:39.000Z,18.16,51.38,BuildingA_Floor2,TypeC
1036,2025-04-04T03:53:07.000Z,26.38,38.32,BuildingB_Floor1,TypeA
1065,2025-04-04T05:14:39.000Z,28.93,52.7,BuildingB_Floor2,TypeC
1009,2025-04-07T01:56:01.000Z,24.8,49.0,BuildingB_Floor1,TypeC
1084,2025-04-06T21:15:49.000Z,24.64,74.51,BuildingB_Floor2,TypeB
1029,2025-04-05T11:00:00.000Z,21.23,34.54,BuildingA_Floor1,TypeC
1088,2025-04-07T03:35:18.000Z,34.37,56.69,BuildingB_Floor2,TypeA
1082,2025-04-06T01:28:44.000Z,30.95,78.04,BuildingA_Floor1,TypeB
1057,2025-04-07T05:35:53.000Z,29.41,64.78,BuildingA_Floor1,TypeC
1064,2025-04-05T16:40:55.000Z,28.72,65.8,BuildingA_Floor2,TypeA
1076,2025-04-05T05:49:56.000Z,29.37,78.72,BuildingB_Floor1,TypeB
1085,2025-04-08T18:38:52.000Z,34.07,45.26,BuildingA_Floor2,TypeB
1089,2025-04-06T22:00:52.000Z,19.65,48.41,BuildingA_Floor2,TypeB
1019,2025-04-08T19:29:35.000Z,25.34,79.66,BuildingB_Floor1,TypeB
1055,2025-04-08T14:15:41.000Z,21.05,57.55,BuildingA_Floor1,TypeB
1053,2025-04-07T18:16:21.000Z,28.38,61.07,BuildingB_Floor1,TypeC
1043,2025-04-07T01:44:25.000Z,21.22,41.89,BuildingA_Floor1,TypeB
1007,2025-04-07T11:38:05.000Z,25.99,47.71,BuildingB_Floor2,TypeA
1063,2025-04-07T10:23:36.000Z,33.68,42.38,BuildingB_Floor1,TypeA
1088,2025-04-06T09:28:33.000Z,31.03,69.68,BuildingB_Floor1,TypeC
1000,2025-04-06T16:39:08.000Z,18.32,75.59,BuildingB_Floor1,TypeA
1035,2025-04-08T10:23:17.000Z,15.54,60.26,BuildingA_Floor1,TypeA
1013,2025-04-05T12:41:36.000Z,30.1,78.27,BuildingB_Floor2,TypeB
1082,2025-04-06T22:34:13.000Z,17.03,39.27,BuildingB_Floor1,TypeA
1084,2025-04-05T14:07:42.000Z,29.03,38.96,BuildingB_Floor1,TypeB
1085,2025-04-05T18:56:19.000Z,16.4,37.64,BuildingA_Floor1,TypeB
1070,2025-04-06T09:18:41.000Z,27.69,48.05,BuildingA_Floor2,TypeB
1073,2025-04-05T19:07:26.000Z,17.59,53.47,BuildingB_Floor1,TypeB
1065,2025-04-07T04:46:14.000Z,28.8,62.13,BuildingA_Floor1,TypeA
1074,2025-04-04T00:51:29.000Z,29.68,54.81,BuildingA_Floor1,TypeA
1025,2025-04-08T14:27:13.000Z,22.47,45.41,BuildingA_Floor1,TypeC
1081,2025-04-08T01:38:07.000Z,21.22,66.24,BuildingA_Floor1,TypeB
1026,2025-04-04T02:01:24.000Z,16.76,66.88,BuildingB_Floor1,TypeB
1055,2025-04-05T09:29:55.000Z,34.1,44.21,BuildingB_Floor1,TypeB
1076,2025-04-08T04:09:46.000Z,24.25,35.25,BuildingB_Floor2,TypeC
1040,2025-04-06T15:25:45.000Z,18.25,33.16,BuildingB_Floor2,TypeC
1004,2025-04-04T20:26:44.000Z,31.25,37.1,BuildingA_Floor1,TypeB
1033,2025-04-07T16:02:20.000Z,26.85,45.85,BuildingA_Floor1,TypeC
1011,2025-04-07T00:49:34.000Z,19.13,63.14,BuildingA_Floor2,TypeC
1077,2025-04-06T19:35:13.000Z,33.11,66.8,BuildingA_Floor2,TypeA
1083,2025-04-06T14:21:34.000Z,18.28,64.42,BuildingA_Floor1,TypeB
1084,2025-04-04T05:32:03.000Z,15.91,30.97,BuildingB_Floor2,TypeB
1077,2025-04-05T12:02:55.000Z,25.07,78.46,BuildingB_Floor1,TypeA
1055,2025-04-08T16:09:31.000Z,17.98,70.11,BuildingA_Floor1,TypeC
1071,2025-04-07T16:34:23.000Z,29.81,65.02,BuildingB_Floor1,TypeA
1021,2025-04-08T01:13:58.000Z,27.56,49.75,BuildingA_Floor1,TypeB
1011,2025-04-08T06:24:15.000Z,22.49,46.92,BuildingA_Floor2,TypeC
1028,2025-04-08T09:39:45.000Z,32.92,30.55,BuildingB_Floor2,TypeC
1001,2025-04-05T22:02:58.000Z,20.46,55.1,BuildingB_Floor2,TypeC
1004,2025-04-08T00:41:00.000Z,21.08,56.46,BuildingB_Floor1,TypeA
1018,2025-04-07T07:35:09.000Z,21.99,69.85,BuildingB_Floor2,TypeC
1036,2025-04-07T06:24:05.000Z,33.22,43.4,BuildingB_Floor1,TypeC
1024,2025-04-06T00:03:39.000Z,29.03,49.88,BuildingA_Floor1,TypeC
1007,2025-04-04T01:14:30.000Z,25.5,51.99,BuildingB_Floor2,TypeB
1098,2025-04-06T08:18:59.000Z,32.94,41.07,BuildingA_Floor1,TypeA
1029,2025-04-05T08:16:17.000Z,29.06,71.54,BuildingB_Floor2,TypeC
1029,2025-04-04T06:19:53.000Z,33.95,45.63,BuildingB_Floor2,TypeC
1086,2025-04-04T09:17:59.000Z,17.25,61.23,BuildingB_Floor2,TypeC
1047,2025-04-08T19:20:57.000Z,21.07,64.55,BuildingA_Floor1,TypeA
1028,2025-04-06T20:42:31.000Z,15.32,44.76,BuildingA_Floor2,TypeA
1024,2025-04-07T07:13:44.000Z,23.06,75.35,BuildingA_Floor1,TypeB
1056,2025-04-08T13:20:30.000Z,30.43,38.87,BuildingB_Floor2,TypeB
1050,2025-04-04T15:17:07.000Z,28.88,46.56,BuildingB_Floor2,TypeB
1032,2025-04-06T22:58:53.000Z,27.85,74.49,BuildingA_Floor1,TypeC
1072,2025-04-07T02:14:30.000Z,32.72,51.53,BuildingB_Floor1,TypeB
1056,2025-04-08T20:26:41.000Z,16.87,55.75,BuildingA_Floor2,TypeC
1079,2025-04-04T13:34:53.000Z,18.85,46.81,BuildingA_Floor1,TypeB
1008,2025-04-08T13:13:03.000Z,29.56,35.36,BuildingA_Floor2,TypeC
1007,2025-04-06T17:51:30.000Z,28.51,54.71,BuildingB_Floor2,TypeB
1071,2025-04-08T16:37:25.000Z,30.29,76.77,BuildingB_Floor1,TypeA
1055,2025-04-06T11:13:30.000Z,33.46,46.77,BuildingA_Floor1,TypeC
1067,2025-04-05T11:41:45.000Z,21.56,36.12,BuildingB_Floor1,TypeB
1068,2025-04-04T01:59:14.000Z,25.66,42.26,BuildingB_Floor1,TypeB
1064,2025-04-04T04:57:31.000Z,18.53,37.93,BuildingB_Floor2,TypeA
1015,2025-04-07T00:06:23.000Z,33.57,69.13,BuildingA_Floor1,TypeC
1087,2025-04-04T13:41:06.000Z,27.68,42.78,BuildingB_Floor1,TypeC
1046,2025-04-08T11:37:02.000Z,26.69,70.67,BuildingA_Floor1,TypeA
1059,2025-04-04T00:38:17.000Z,18.89,70.85,BuildingB_Floor1,TypeB
1100,2025-04-07T16:28:59.000Z,18.14,41.49,BuildingB_Floor2,TypeA
1098,2025-04-04T07:10:12.000Z,33.49,56.57,BuildingB_Floor2,TypeA
1066,2025-04-08T18:40:46.000Z,27.24,32.42,BuildingB_Floor2,TypeA
1044,2025-04-06T03:39:14.000Z,30.23,61.33,BuildingA_Floor1,TypeB
1032,2025-04-07T05:20:58.000Z,21.86,40.22,BuildingA_Floor2,TypeB
1099,2025-04-06T18:28:10.000Z,22.16,51.24,BuildingB_Floor1,TypeB
1061,2025-04-06T12:00:17.000Z,25.08,60.51,BuildingB_Floor2,TypeC
1093,2025-04-07T23:24:51.000Z,33.14,37.07,BuildingB_Floor2,TypeA
1050,2025-04-05T16:43:05.000Z,20.29,75.46,BuildingB_Floor1,TypeB
1040,2025-04-05T12:18:58.000Z,31.89,75.89,BuildingB_Floor1,TypeC
1055,2025-04-07T13:28:19.000Z,18.85,60.13,BuildingA_Floor1,TypeC
1099,2025-04-08T04:47:49.000Z,23.27,47.21,BuildingA_Floor2,TypeB
1064,2025-04-07T22:34:05.000Z,23.34,69.6,BuildingA_Floor1,TypeA
1089,2025-04-07T23:56:28.000Z,31.48,47.5,BuildingA_Floor2,TypeA
1097,2025-04-06T20:15:00.000Z,21.41,45.95,BuildingA_Floor1,TypeB
1010,2025-04-08T01:02:05.000Z,34.32,72.35,BuildingA_Floor2,TypeC
1091,2025-04-06T09:48:00.000Z,29.76,73.05,BuildingA_Floor1,TypeA
1032,2025-04-08T00:13:13.000Z,30.3,67.62,BuildingB_Floor1,TypeC
1054,2025-04-06T09:28:03.000Z,19.58,36.04,BuildingB_Floor2,TypeB
1099,2025-04-06T15:44:32.000Z,21.57,47.86,BuildingA_Floor1,TypeB
1021,2025-04-05T18:03:15.000Z,31.12,79.21,BuildingA_Floor1,TypeB
1064,2025-04-06T13:11:40.000Z,27.95,35.53,BuildingB_Floor2,TypeB
1033,2025-04-06T20:18:21.000Z,28.14,45.67,BuildingB_Floor1,TypeB
1061,2025-04-07T19:18:35.000Z,30.24,67.91,BuildingA_Floor1,TypeC
1001,2025-04-04T20:57:45.000Z,15.02,38.91,BuildingA_Floor1,TypeB
1062,2025-04-04T22:06:08.000Z,21.04,48.31,BuildingB_Floor2,TypeC
1028,2025-04-04T06:13:24.000Z,32.57,41.42,BuildingA_Floor2,TypeC
1014,2025-04-08T20:32:48.000Z,34.29,38.54,BuildingB_Floor1,TypeC
1090,2025-04-06T02:46:04.000Z,34.05,61.74,BuildingA_Floor2,TypeC
1092,2025-04-06T18:45:27.000Z,30.55,47.68,BuildingB_Floor2,TypeA
1076,2025-04-08T10:25:42.000Z,34.02,49.23,BuildingA_Floor1,TypeB
1036,2025-04-05T12:16:09.000Z,18.06,68.21,BuildingA_Floor1,TypeB
1087,2025-04-06T15:57:54.000Z,15.82,72.22,BuildingB_Floor1,TypeA
1004,2025-04-08T20:24:23.000Z,16.62,39.12,BuildingB_Floor2,TypeA
1042,2025-04-05T22:13:10.000Z,24.21,62.26,BuildingA_Floor1,TypeC
1092,2025-04-08T08:18:31.000Z,28.48,46.91,BuildingB_Floor2,TypeA
1086,2025-04-08T17:11:51.000Z,18.88,58.92,BuildingB_Floor1,TypeB
1061,2025-04-08T22:01:04.000Z,20.74,67.17,BuildingB_Floor2,TypeA
1096,2025-04-04T04:12:04.000Z,19.44,56.12,BuildingB_Floor1,TypeB
1018,2025-04-07T20:15:25.000Z,24.3,32.03,BuildingA_Floor2,TypeB
1029,2025-04-04T08:13:54.000Z,17.48,30.41,BuildingA_Floor1,TypeC
1094,2025-04-07T00:51:37.000Z,30.54,42.63,BuildingB_Floor2,TypeB
1067,2025-04-05T07:18:07.000Z,25.73,58.03,BuildingB_Floor1,TypeA
1023,2025-04-07T03:31:17.000Z,33.24,44.57,BuildingB_Floor2,TypeC
1098,2025-04-04T06:54:20.000Z,26.29,77.27,BuildingB_Floor2,TypeB
1062,2025-04-08T14:39:27.000Z,23.99,37.29,BuildingA_Floor1,TypeB
1080,2025-04-07T08:10:01.000Z,30.95,47.87,BuildingB_Floor1,TypeC
1006,2025-04-05T17:10:00.000Z,34.01,59.22,BuildingA_Floor1,TypeB
1073,2025-04-08T01:53:49.000Z,24.66,44.28,BuildingB_Floor1,TypeA
1050,2025-04-04T06:44:06.000Z,24.33,67.6,BuildingA_Floor2,TypeC
1096,2025-04-08T09:43:24.000Z,25.21,71.88,BuildingB_Floor1,TypeA
1096,2025-04-06T23:22:29.000Z,27.03,36.45,BuildingA_Floor2,TypeA
1017,2025-04-06T20:14:27.000Z,34.46,45.44,BuildingB_Floor1,TypeB
1049,2025-04-08T21:32:33.000Z,31.77,39.92,BuildingA_Floor2,TypeB
1066,2025-04-07T10:17:22.000Z,21.35,73.32,BuildingA_Floor1,TypeC
1048,2025-04-05T00:55:24.000Z,28.48,54.47,BuildingB_Floor2,TypeA
1035,2025-04-08T10:40:59.000Z,27.86,37.61,BuildingB_Floor1,TypeA
1020,2025-04-06T11:10:50.000Z,28.47,66.18,BuildingA_Floor2,TypeB
1032,2025-04-08T00:23:55.000Z,18.49,41.92,BuildingA_Floor1,TypeC
1097,2025-04-07T13:28:00.000Z,16.83,42.37,BuildingA_Floor2,TypeC
1061,2025-04-07T22:16:43.000Z,16.98,79.86,BuildingB_Floor2,TypeC
1023,2025-04-06T21:58:28.000Z,18.23,77.0,BuildingA_Floor1,TypeA
1062,2025-04-06T14:42:06.000Z,24.94,56.05,BuildingA_Floor2,TypeA
1057,2025-04-07T04:27:56.000Z,26.91,76.78,BuildingB_Floor2,TypeC
1036,2025-04-08T09:39:51.000Z,22.3,67.74,BuildingB_Floor1,TypeB
1066,2025-04-07T20:02:08.000Z,23.47,39.51,BuildingA_Floor1,TypeB
1095,2025-04-05T21:56:48.000Z,27.3,66.21,BuildingB_Floor2,TypeC
1084,2025-04-07T08:19:49.000Z,21.08,34.57,BuildingA_Floor2,TypeA
1054,2025-04-06T04:07:28.000Z,33.95,50.35,BuildingB_Floor1,TypeC
1036,2025-04-04T09:19:42.000Z,28.25,35.73,BuildingB_Floor1,TypeB
1009,2025-04-04T04:30:52.000Z,16.5,36.32,BuildingB_Floor1,TypeA
1065,2025-04-06T08:24:33.000Z,23.47,77.75,BuildingB_Floor2,TypeB
1080,2025-04-05T09:58:05.000Z,18.99,53.21,BuildingB_Floor1,TypeA
1040,2025-04-07T10:32:36.000Z,24.02,68.02,BuildingA_Floor1,TypeB
1081,2025-04-05T13:36:43.000Z,33.91,63.42,BuildingB_Floor2,TypeA
1046,2025-04-06T13:34:04.000Z,17.8,40.95,BuildingA_Floor1,TypeB
1037,2025-04-07T12:47:38.000Z,23.05,35.25,BuildingA_Floor1,TypeB
1089,2025-04-08T07:52:21.000Z,25.85,73.65,BuildingA_Floor1,TypeC
1040,2025-04-06T00:34:26.000Z,17.31,56.94,BuildingB_Floor2,TypeC
1097,2025-04-07T10:40:49.000Z,27.92,58.4,BuildingB_Floor1,TypeA
1086,2025-04-04T03:00:33.000Z,18.74,49.98,BuildingB_Floor1,TypeA
1058,2025-04-06T23:14:17.000Z,30.63,41.08,BuildingA_Floor1,TypeC
1071,2025-04-05T11:39:49.000Z,18.68,60.7,BuildingB_Floor2,TypeB
1032,2025-04-06T20:53:03.000Z,20.25,70.39,BuildingA_Floor2,TypeB
1041,2025-04-05T11:53:03.000Z,21.94,49.11,BuildingA_Floor1,TypeC
1017,2025-04-08T20:43:55.000Z,32.38,35.13,BuildingA_Floor2,TypeA
1071,2025-04-04T13:31:29.000Z,23.09,70.3,BuildingA_Floor2,TypeC
1070,2025-04-06T06:03:44.000Z,32.68,71.37,BuildingA_Floor2,TypeA
1060,2025-04-04T09:52:18.000Z,33.77,72.77,BuildingA_Floor1,TypeC
1081,2025-04-08T18:30:01.000Z,24.59,30.07,BuildingB_Floor1,TypeC
1088,2025-04-05T13:14:59.000Z,34.55,58.27,BuildingA_Floor1,TypeB
1015,2025-04-05T21:33:00.000Z,27.36,52.15,BuildingB_Floor2,TypeC
1030,2025-04-06T11:07:50.000Z,31.81,51.9,BuildingB_Floor1,TypeA
1040,2025-04-06T16:13:17.000Z,24.86,78.84,BuildingB_Floor1,TypeA
1004,2025-04-07T23:26:10.000Z,22.81,45.8,BuildingB_Floor2,TypeC
1014,2025-04-04T02:19:07.000Z,21.64,48.23,BuildingB_Floor2,TypeC
1013,2025-04-08T13:40:18.000Z,18.95,35.4,BuildingB_Floor1,TypeB
1085,2025-04-05T21:32:07.000Z,19.13,70.35,BuildingB_Floor2,TypeB
1046,2025-04-06T21:17:42.000Z,15.76,56.79,BuildingB_Floor2,TypeB
1021,2025-04-07T05:15:57.000Z,18.35,38.78,BuildingB_Floor1,TypeB
1010,2025-04-08T08:31:14.000Z,18.75,40.57,BuildingA_Floor2,TypeA
1071,2025-04-07T05:24:42.000Z,26.86,43.28,BuildingA_Floor2,TypeB
1037,2025-04-07T21:46:21.000Z,23.93,71.74,BuildingB_Floor1,TypeC
1068,2025-04-05T05:23:21.000Z,17.13,68.42,BuildingB_Floor2,TypeA
1022,2025-04-05T23:15:06.000Z,23.26,77.31,BuildingB_Floor1,TypeA
1018,2025-04-04T06:23:05.000Z,28.67,32.92,BuildingA_Floor1,TypeC
1010,2025-04-08T03:34:07.000Z,34.47,53.5,BuildingA_Floor2,TypeB
1076,2025-04-04T01:10:36.000Z,24.81,76.32,BuildingA_Floor2,TypeB
1011,2025-04-08T17:24:47.000Z,23.83,37.83,BuildingB_Floor1,TypeA
1011,2025-04-07T15:57:52.000Z,24.34,64.06,BuildingB_Floor2,TypeC
1031,2025-04-08T15:40:54.000Z,33.23,73.79,BuildingB_Floor2,TypeA
1065,2025-04-04T11:13:27.000Z,27.46,50.33,BuildingB_Floor2,TypeC
1064,2025-04-07T10:56:44.000Z,17.33,75.14,BuildingB_Floor1,TypeC
1023,2025-04-08T00:07:43.000Z,21.14,42.95,BuildingB_Floor1,TypeC
1076,2025-04-06T07:25:52.000Z,26.4,69.42,BuildingA_Floor1,TypeC
1065,2025-04-08T01:12:06.000Z,21.69,36.95,BuildingA_Floor2,TypeC
1079,2025-04-05T01:59:33.000Z,26.6,48.39,BuildingB_Floor2,TypeC
1086,2025-04-07T09:20:51.000Z,23.1,58.24,BuildingB_Floor1,TypeC
1011,2025-04-08T17:32:10.000Z,32.77,71.29,BuildingA_Floor1,TypeC
1083,2025-04-05T09:04:35.000Z,24.66,71.49,BuildingA_Floor2,TypeB
1059,2025-04-05T04:49:51.000Z,22.59,59.7,BuildingB_Floor2,TypeC
1017,2025-04-04T09:02:28.000Z,20.06,46.6,BuildingB_Floor2,TypeA
1015,2025-04-07T02:43:01.000Z,17.25,60.17,BuildingB_Floor2,TypeB
1093,2025-04-08T22:08:16.000Z,16.41,36.0,BuildingA_Floor2,TypeA
1065,2025-04-08T07:27:29.000Z,30.14,75.89,BuildingB_Floor2,TypeC
1082,2025-04-08T19:04:47.000Z,32.69,30.65,BuildingB_Floor1,TypeC
1048,2025-04-06T10:27:06.000Z,20.7,40.35,BuildingA_Floor2,TypeB
1011,2025-04-04T07:51:30.000Z,19.41,62.92,BuildingA_Floor1,TypeB
1033,2025-04-05T05:20:02.000Z,26.93,52.92,BuildingA_Floor1,TypeA
1033,2025-04-06T18:19:27.000Z,34.56,36.38,BuildingA_Floor1,TypeA
1092,2025-04-06T12:37:09.000Z,33.44,53.43,BuildingA_Floor1,TypeB
1093,2025-04-08T07:28:09.000Z,19.02,79.26,BuildingB_Floor1,TypeC
1025,2025-04-06T21:44:13.000Z,24.53,73.13,BuildingA_Floor2,TypeC
1016,2025-04-07T23:20:57.000Z,33.92,53.12,BuildingA_Floor1,TypeC
1071,2025-04-05T02:55:00.000Z,22.72,34.0,BuildingA_Floor2,TypeB
1093,2025-04-05T14:42:05.000Z,24.75,71.99,BuildingA_Floor2,TypeB
1046,2025-04-05T05:38:59.000Z,27.08,66.9,BuildingA_Floor2,TypeC
1064,2025-04-07T03:16:08.000Z,27.06,74.19,BuildingB_Floor1,TypeA
1043,2025-04-05T08:12:32.000Z,17.25,65.73,BuildingB_Floor1,TypeC
1028,2025-04-04T02:39:17.000Z,22.61,34.15,BuildingA_Floor1,TypeA
1025,2025-04-06T09:03:55.000Z,20.98,68.46,BuildingA_Floor1,TypeA
1006,2025-04-07T10:53:29.000Z,15.12,62.04,BuildingA_Floor1,TypeB
1089,2025-04-04T02:49:53.000Z,32.79,54.27,BuildingB_Floor1,TypeC
1095,2025-04-06T09:46:49.000Z,27.33,39.2,BuildingB_Floor1,TypeA
1008,2025-04-07T02:32:52.000Z,29.43,77.37,BuildingB_Floor1,TypeC
1044,2025-04-07T18:26:53.000Z,33.97,74.79,BuildingB_Floor2,TypeC
1056,2025-04-08T20:24:37.000Z,16.47,51.39,BuildingB_Floor1,TypeC
1080,2025-04-07T12:55:34.000Z,20.31,63.36,BuildingB_Floor2,TypeB
1034,2025-04-06T07:34:58.000Z,32.36,77.46,BuildingA_Floor1,TypeA
1096,2025-04-04T14:31:05.000Z,32.22,57.36,BuildingB_Floor2,TypeB
1084,2025-04-04T10:17:15.000Z,26.22,46.83,BuildingB_Floor1,TypeC
1093,2025-04-05T09:19:50.000Z,31.67,58.13,BuildingA_Floor1,TypeC
1009,2025-04-08T04:01:57.000Z,21.93,44.87,BuildingA_Floor2,TypeC
1067,2025-04-05T23:30:35.000Z,34.32,45.32,BuildingB_Floor1,TypeB
1091,2025-04-07T13:26:57.000Z,27.58,34.55,BuildingA_Floor1,TypeA
1015,2025-04-05T08:12:56.000Z,16.87,56.34,BuildingA_Floor1,TypeA
1009,2025-04-05T03:47:07.000Z,29.6,44.61,BuildingB_Floor2,TypeB
1023,2025-04-06T23:24:00.000Z,29.79,59.57,BuildingA_Floor2,TypeC
1063,2025-04-06T08:20:56.000Z,16.2,44.16,BuildingB_Floor1,TypeB
1030,2025-04-08T05:15:22.000Z,15.58,65.56,BuildingA_Floor1,TypeA
1029,2025-04-05T20:44:22.000Z,26.37,49.27,BuildingB_Floor1,TypeA
1021,2025-04-06T06:38:45.000Z,32.0,44.33,BuildingA_Floor2,TypeB
1065,2025-04-06T20:36:03.000Z,27.85,57.19,BuildingB_Floor1,TypeC
1067,2025-04-07T13:02:27.000Z,32.08,36.33,BuildingA_Floor1,TypeA
1049,2025-04-05T06:24:39.000Z,28.77,74.08,BuildingB_Floor1,TypeC
1097,2025-04-08T04:51:30.000Z,21.5,61.12,BuildingB_Floor2,TypeC
1050,2025-04-05T07:16:33.000Z,32.98,75.5,BuildingA_Floor1,TypeA
1075,2025-04-08T08:36:56.000Z,22.68,53.35,BuildingA_Floor2,TypeC
1086,2025-04-08T18:25:25.000Z,21.77,60.84,BuildingA_Floor1,TypeB
1099,2025-04-07T22:22:42.000Z,33.71,46.11,BuildingB_Floor1,TypeC
1024,2025-04-06T16:07:52.000Z,29.02,38.05,BuildingB_Floor1,TypeB
1084,2025-04-06T05:51:56.000Z,32.41,61.42,BuildingA_Floor1,TypeC
1059,2025-04-07T01:23:06.000Z,32.16,44.53,BuildingB_Floor1,TypeC
1031,2025-04-07T03:04:45.000Z,31.19,70.89,BuildingB_Floor2,TypeB
1033,2025-04-05T23:39:20.000Z,34.53,60.21,BuildingB_Floor1,TypeA
1022,2025-04-08T19:15:05.000Z,21.04,36.44,BuildingA_Floor1,TypeB
1013,2025-04-07T05:40:48.000Z,25.91,60.38,BuildingB_Floor2,TypeA
1023,2025-04-07T15:56:06.000Z,16.75,50.44,BuildingA_Floor1,TypeA
1043,2025-04-06T17:38:00.000Z,16.85,36.53,BuildingB_Floor1,TypeB
1058,2025-04-07T23:16:10.000Z,20.57,55.79,BuildingA_Floor1,TypeA
1051,2025-04-08T20:29:50.000Z,23.0,32.9,BuildingA_Floor1,TypeB
1082,2025-04-08T22:45:56.000Z,22.25,49.06,BuildingB_Floor1,TypeA
1077,2025-04-05T16:02:03.000Z,20.19,58.14,BuildingB_Floor2,TypeC
1006,2025-04-07T21:53:47.000Z,29.56,52.15,BuildingB_Floor1,TypeA
1058,2025-04-07T23:18:58.000Z,15.52,30.6,BuildingB_Floor2,TypeB
1066,2025-04-05T13:47:40.000Z,22.26,65.04,BuildingB_Floor2,TypeC
1073,2025-04-08T17:12:59.000Z,33.18,60.66,BuildingB_Floor2,TypeC
1061,2025-04-04T14:28:02.000Z,34.81,77.44,BuildingA_Floor2,TypeB
1099,2025-04-07T07:22:57.000Z,21.61,37.58,BuildingA_Floor2,TypeA
1005,2025-04-08T17:33:09.000Z,28.71,43.86,BuildingA_Floor2,TypeB
1058,2025-04-07T21:22:49.000Z,32.66,32.77,BuildingB_Floor1,TypeB
1043,2025-04-06T03:51:11.000Z,28.39,79.78,BuildingB_Floor1,TypeB
1043,2025-04-07T11:20:14.000Z,30.68,47.89,BuildingB_Floor2,TypeB
1026,2025-04-06T17:12:00.000Z,23.82,46.12,BuildingA_Floor1,TypeB
1013,2025-04-07T18:15:45.000Z,17.6,50.55,BuildingB_Floor2,TypeA
1025,2025-04-05T03:30:34.000Z,34.1,50.92,BuildingB_Floor2,TypeB
1000,2025-04-05T17:24:40.000Z,33.83,56.37,BuildingA_Floor2,TypeB
1062,2025-04-05T23:15:59.000Z,30.43,49.8,BuildingB_Floor1,TypeA
1015,2025-04-06T22:38:59.000Z,32.13,55.93,BuildingB_Floor1,TypeB
1002,2025-04-05T19:17:05.000Z,25.16,72.38,BuildingA_Floor2,TypeC
1081,2025-04-04T16:48:02.000Z,34.93,42.57,BuildingB_Floor2,TypeB
1056,2025-04-04T18:51:29.000Z,19.37,60.62,BuildingA_Floor1,TypeC
1064,2025-04-05T08:56:12.000Z,22.39,78.24,BuildingB_Floor1,TypeC
1002,2025-04-04T22:24:35.000Z,28.81,57.6,BuildingB_Floor1,TypeC
1065,2025-04-04T21:04:40.000Z,17.57,54.95,BuildingA_Floor1,TypeA
1024,2025-04-07T11:10:43.000Z,24.2,67.55,BuildingA_Floor2,TypeA
1078,2025-04-08T02:17:55.000Z,31.6,33.36,BuildingB_Floor1,TypeB
1091,2025-04-05T10:27:45.000Z,23.24,77.77,BuildingA_Floor2,TypeA
1071,2025-04-05T04:42:31.000Z,29.47,68.8,BuildingB_Floor2,TypeB
1052,2025-04-07T05:32:12.000Z,25.18,40.13,BuildingA_Floor1,TypeA
1025,2025-04-05T19:16:06.000Z,20.68,59.26,BuildingB_Floor1,TypeC
1091,2025-04-06T06:54:59.000Z,24.99,63.64,BuildingB_Floor2,TypeB
1000,2025-04-07T09:11:54.000Z,16.92,60.79,BuildingB_Floor2,TypeC
1000,2025-04-08T11:49:00.000Z,33.68,52.49,BuildingA_Floor1,TypeB
1058,2025-04-08T01:48:18.000Z,20.93,39.06,BuildingB_Floor1,TypeC
1067,2025-04-07T04:17:43.000Z,20.36,62.9,BuildingA_Floor1,TypeC
1025,2025-04-07T20:22:21.000Z,25.3,35.33,BuildingA_Floor1,TypeA
1099,2025-04-06T04:25:24.000Z,31.79,56.44,BuildingA_Floor1,TypeC
1000,2025-04-05T06:03:14.000Z,29.15,53.19,BuildingB_Floor1,TypeB
1059,2025-04-07T07:00:46.000Z,23.78,66.47,BuildingA_Floor2,TypeC
1057,2025-04-08T03:09:56.000Z,33.78,61.57,BuildingB_Floor1,TypeC
1096,2025-04-06T08:08:37.000Z,34.23,53.45,BuildingB_Floor1,TypeA
1016,2025-04-05T03:08:33.000Z,19.59,40.9,BuildingB_Floor1,TypeA
1034,2025-04-08T19:00:24.000Z,22.77,70.76,BuildingB_Floor2,TypeB
1007,2025-04-04T22:31:28.000Z,28.9,38.0,BuildingB_Floor2,TypeB
1087,2025-04-06T04:20:48.000Z,18.76,55.69,BuildingA_Floor2,TypeA
1022,2025-04-08T07:45:31.000Z,27.17,62.24,BuildingB_Floor2,TypeB
1037,2025-04-05T19:32:11.000Z,24.74,64.06,BuildingB_Floor2,TypeA
1080,2025-04-04T01:26:38.000Z,32.83,41.29,BuildingB_Floor2,TypeC
1071,2025-04-06T15:52:21.000Z,27.98,41.24,BuildingB_Floor1,TypeC
1040,2025-04-04T22:39:02.000Z,27.9,53.0,BuildingB_Floor1,TypeB
1036,2025-04-05T20:06:24.000Z,23.88,43.27,BuildingB_Floor2,TypeC
1069,2025-04-06T00:33:50.000Z,31.61,72.64,BuildingA_Floor2,TypeB
1087,2025-04-05T23:29:01.000Z,17.31,31.89,BuildingB_Floor1,TypeA
1073,2025-04-05T02:07:42.000Z,22.46,79.71,BuildingA_Floor1,TypeB
1020,2025-04-08T17:44:20.000Z,32.08,61.48,BuildingB_Floor1,TypeC
1044,2025-04-07T01:43:36.000Z,18.46,43.01,BuildingB_Floor2,TypeA
1090,2025-04-08T00:50:04.000Z,23.79,59.92,BuildingB_Floor1,TypeB
1017,2025-04-08T06:30:58.000Z,15.31,51.08,BuildingB_Floor2,TypeC
1060,2025-04-07T03:31:15.000Z,31.73,59.19,BuildingB_Floor1,TypeC
1078,2025-04-04T18:08:27.000Z,17.36,71.41,BuildingB_Floor1,TypeA
1081,2025-04-05T15:31:55.000Z,28.26,60.39,BuildingA_Floor2,TypeA
1066,2025-04-04T05:50:45.000Z,23.32,49.86,BuildingB_Floor1,TypeB
1013,2025-04-08T07:06:30.000Z,34.78,72.46,BuildingB_Floor2,TypeA
1003,2025-04-08T20:14:07.000Z,26.94,66.77,BuildingA_Floor1,TypeB
1073,2025-04-07T19:32:27.000Z,32.31,33.18,BuildingB_Floor1,TypeB
1011,2025-04-06T15:53:55.000Z,30.94,74.79,BuildingA_Floor2,TypeC
1009,2025-04-04T18:58:20.000Z,27.09,51.93,BuildingB_Floor2,TypeB
1094,2025-04-08T21:18:41.000Z,32.42,33.06,BuildingB_Floor1,TypeC
1086,2025-04-06T16:12:19.000Z,20.9,77.63,BuildingB_Floor1,TypeA
1098,2025-04-08T18:37:14.000Z,34.29,66.27,BuildingB_Floor1,TypeA
1000,2025-04-06T05:38:17.000Z,30.21,69.23,BuildingA_Floor1,TypeC
1061,2025-04-04T12:39:46.000Z,33.74,71.43,BuildingA_Floor1,TypeB
1035,2025-04-06T05:15:57.000Z,24.15,55.33,BuildingB_Floor2,TypeA
1082,2025-04-04T14:20:04.000Z,33.81,35.06,BuildingB_Floor2,TypeB
1054,2025-04-07T13:57:13.000Z,23.83,49.07,BuildingB_Floor2,TypeA
1048,2025-04-08T11:35:08.000Z,29.28,43.55,BuildingA_Floor1,TypeA
1000,2025-04-04T18:12:15.000Z,27.76,61.42,BuildingB_Floor1,TypeC
1008,2025-04-04T23:20:52.000Z,15.76,55.69,BuildingB_Floor1,TypeA
1054,2025-04-04T06:08:20.000Z,24.05,66.83,BuildingA_Floor1,TypeA
1006,2025-04-06T19:10:25.000Z,22.57,78.21,BuildingA_Floor2,TypeA
1058,2025-04-06T10:01:07.000Z,20.74,59.81,BuildingA_Floor1,TypeB
1060,2025-04-08T01:13:16.000Z,22.27,31.67,BuildingA_Floor2,TypeC
1051,2025-04-04T22:25:22.000Z,31.24,62.4,BuildingA_Floor2,TypeB
1058,2025-04-08T18:30:42.000Z,15.77,76.96,BuildingB_Floor1,TypeC
1011,2025-04-05T19:06:09.000Z,15.24,51.96,BuildingB_Floor2,TypeA
1096,2025-04-04T12:08:49.000Z,17.79,69.65,BuildingB_Floor2,TypeB
1008,2025-04-05T16:00:19.000Z,21.61,72.01,BuildingB_Floor1,TypeA
1071,2025-04-05T02:35:21.000Z,31.94,62.21,BuildingB_Floor2,TypeB
1070,2025-04-06T07:04:10.000Z,17.37,53.49,BuildingB_Floor2,TypeC
1035,2025-04-07T06:37:16.000Z,16.75,63.88,BuildingA_Floor2,TypeB
1048,2025-04-05T07:05:50.000Z,27.07,45.22,BuildingA_Floor2,TypeC
1010,2025-04-07T03:51:32.000Z,23.42,73.63,BuildingB_Floor2,TypeB
1014,2025-04-05T05:33:45.000Z,27.05,53.99,BuildingB_Floor2,TypeA
1026,2025-04-07T10:58:15.000Z,21.88,66.9,BuildingB_Floor2,TypeC
1059,2025-04-07T23:07:23.000Z,26.68,30.45,BuildingB_Floor2,TypeB
1017,2025-04-08T07:48:24.000Z,17.56,39.94,BuildingA_Floor1,TypeA
1036,2025-04-04T12:38:46.000Z,26.14,37.67,BuildingB_Floor1,TypeC
1021,2025-04-04T07:17:22.000Z,16.74,53.59,BuildingB_Floor1,TypeB
1100,2025-04-06T19:47:07.000Z,32.95,30.5,BuildingA_Floor2,TypeA
1036,2025-04-07T07:17:13.000Z,15.22,44.96,BuildingA_Floor2,TypeA
1059,2025-04-08T00:56:17.000Z,22.4,62.53,BuildingA_Floor1,TypeB
1021,2025-04-07T09:45:18.000Z,25.07,67.55,BuildingA_Floor1,TypeB
1041,2025-04-04T09:12:56.000Z,31.89,34.89,BuildingB_Floor1,TypeC
1007,2025-04-04T18:30:12.000Z,18.58,31.02,BuildingA_Floor1,TypeA
1041,2025-04-08T08:01:12.000Z,32.17,50.79,BuildingB_Floor2,TypeA
1051,2025-04-05T12:24:51.000Z,26.38,77.1,BuildingB_Floor2,TypeB
1100,2025-04-05T19:52:21.000Z,19.8,57.49,BuildingA_Floor1,TypeA
1022,2025-04-08T17:26:02.000Z,22.6,58.37,BuildingA_Floor2,TypeA
1008,2025-04-06T04:49:46.000Z,18.76,53.9,BuildingA_Floor2,TypeC
1033,2025-04-07T09:58:29.000Z,31.55,70.13,BuildingA_Floor1,TypeA
1014,2025-04-06T09:43:46.000Z,18.93,41.45,BuildingB_Floor2,TypeB
1057,2025-04-04T13:30:35.000Z,33.95,45.95,BuildingA_Floor2,TypeB
1006,2025-04-04T21:48:26.000Z,26.64,44.65,BuildingA_Floor1,TypeC
1009,2025-04-05T00:41:14.000Z,25.43,47.14,BuildingA_Floor1,TypeA
1008,2025-04-04T08:22:18.000Z,27.76,72.89,BuildingA_Floor1,TypeA
1099,2025-04-04T23:31:42.000Z,27.44,69.16,BuildingB_Floor2,TypeB
1034,2025-04-04T11:57:46.000Z,21.59,53.73,BuildingB_Floor1,TypeB
1046,2025-04-05T09:21:45.000Z,26.38,49.36,BuildingA_Floor1,TypeC
1065,2025-04-07T13:38:41.000Z,22.61,45.99,BuildingA_Floor2,TypeC
1085,2025-04-06T06:28:36.000Z,21.5,47.58,BuildingB_Floor1,TypeC
1084,2025-04-06T15:00:17.000Z,29.55,59.31,BuildingB_Floor2,TypeB
1072,2025-04-07T05:58:31.000Z,25.69,58.07,BuildingA_Floor2,TypeA
1074,2025-04-06T10:42:26.000Z,32.01,46.38,BuildingA_Floor1,TypeA
1084,2025-04-07T13:50:16.000Z,16.32,69.81,BuildingA_Floor2,TypeA
1039,2025-04-06T07:42:06.000Z,16.52,75.46,BuildingB_Floor1,TypeC
1050,2025-04-05T20:03:28.000Z,24.81,31.32,BuildingA_Floor2,TypeC
1017,2025-04-05T17:53:26.000Z,20.34,78.58,BuildingB_Floor1,TypeA
1060,2025-04-07T04:24:37.000Z,33.08,53.37,BuildingA_Floor2,TypeC
1027,2025-04-05T06:17:10.000Z,29.59,39.15,BuildingA_Floor1,TypeB
1080,2025-04-05T12:33:51.000Z,34.97,50.56,BuildingA_Floor2,TypeA
1058,2025-04-08T18:58:26.000Z,17.16,54.62,BuildingB_Floor2,TypeB
1043,2025-04-07T00:00:35.000Z,27.53,41.31,BuildingA_Floor2,TypeC
1024,2025-04-05T14:40:52.000Z,21.24,76.73,BuildingB_Floor1,TypeA
1020,2025-04-05T17:08:04.000Z,24.61,45.3,BuildingB_Floor1,TypeC
1027,2025-04-07T13:15:22.000Z,15.01,68.15,BuildingB_Floor2,TypeC
1036,2025-04-08T04:31:08.000Z,17.25,32.93,BuildingB_Floor2,TypeC
1071,2025-04-05T19:52:36.000Z,29.53,59.44,BuildingA_Floor2,TypeC
1057,2025-04-05T01:51:24.000Z,33.44,65.69,BuildingB_Floor1,TypeC
1071,2025-04-08T07:34:44.000Z,25.49,61.52,BuildingB_Floor1,TypeB
1025,2025-04-04T21:05:56.000Z,24.0,36.6,BuildingB_Floor2,TypeB
1008,2025-04-08T22:36:49.000Z,21.19,44.47,BuildingB_Floor2,TypeA
1017,2025-04-06T17:11:35.000Z,20.3,67.93,BuildingA_Floor2,TypeB
1036,2025-04-07T20:36:11.000Z,27.4,73.71,BuildingA_Floor1,TypeB
1074,2025-04-05T11:50:12.000Z,22.12,45.63,BuildingB_Floor2,TypeC
1057,2025-04-05T01:05:04.000Z,20.96,31.91,BuildingB_Floor1,TypeB
1026,2025-04-06T18:27:01.000Z,18.34,69.4,BuildingB_Floor2,TypeA
1089,2025-04-08T05:52:37.000Z,31.46,41.19,BuildingA_Floor2,TypeC
1063,2025-04-08T16:46:46.000Z,24.78,71.06,BuildingB_Floor2,TypeA
1092,2025-04-07T17:47:37.000Z,30.88,70.25,BuildingB_Floor2,TypeC
1097,2025-04-05T12:57:04.000Z,29.8,64.82,BuildingB_Floor2,TypeB
1040,2025-04-07T19:09:55.000Z,32.11,46.36,BuildingB_Floor1,TypeB
1054,2025-04-05T20:45:29.000Z,17.83,44.39,BuildingA_Floor2,TypeC
1014,2025-04-04T01:14:56.000Z,24.84,63.72,BuildingB_Floor2,TypeA
1054,2025-04-08T20:23:52.000Z,18.56,49.39,BuildingB_Floor1,TypeC
1028,2025-04-06T16:00:13.000Z,18.62,70.34,BuildingA_Floor2,TypeC
1001,2025-04-07T23:22:41.000Z,19.68,33.87,BuildingA_Floor1,TypeC
1032,2025-04-06T21:30:50.000Z,32.57,49.88,BuildingB_Floor1,TypeC
1033,2025-04-07T09:29:00.000Z,16.88,50.34,BuildingB_Floor1,TypeA
1049,2025-04-04T00:27:05.000Z,22.39,77.93,BuildingB_Floor1,TypeA
1091,2025-04-07T07:00:05.000Z,27.25,50.44,BuildingA_Floor1,TypeB
1072,2025-04-07T17:37:41.000Z,28.82,52.19,BuildingA_Floor1,TypeC
1016,2025-04-04T18:58:31.000Z,29.35,56.57,BuildingB_Floor2,TypeB
1076,2025-04-06T10:47:34.000Z,19.25,73.68,BuildingA_Floor2,TypeC
1054,2025-04-08T04:33:32.000Z,28.28,30.64,BuildingB_Floor1,TypeB
1064,2025-04-05T10:19:02.000Z,16.89,36.8,BuildingA_Floor1,TypeA
1088,2025-04-08T20:22:47.000Z,23.48,44.63,BuildingA_Floor2,TypeB
1070,2025-04-06T21:36:12.000Z,23.07,49.42,BuildingB_Floor2,TypeB
1079,2025-04-07T20:10:26.000Z,19.35,33.38,BuildingA_Floor1,TypeC
1009,2025-04-06T21:05:03.000Z,27.82,76.38,BuildingB_Floor1,TypeB
1077,2025-04-04T23:00:29.000Z,27.52,42.01,BuildingB_Floor1,TypeA
1089,2025-04-06T14:15:47.000Z,19.3,40.04,BuildingB_Floor2,TypeB
1016,2025-04-06T05:42:18.000Z,30.46,54.01,BuildingB_Floor1,TypeC
1062,2025-04-05T20:12:02.000Z,21.05,71.91,BuildingA_Floor2,TypeB
1100,2025-04-05T21:59:49.000Z,23.63,53.62,BuildingB_Floor1,TypeA
1095,2025-04-05T12:55:00.000Z,21.03,38.36,BuildingB_Floor1,TypeB
1088,2025-04-08T08:11:59.000Z,32.05,42.28,BuildingA_Floor1,TypeC
1059,2025-04-04T21:39:29.000Z,21.76,60.93,BuildingA_Floor2,TypeA
1039,2025-04-04T19:54:32.000Z,17.69,49.97,BuildingB_Floor1,TypeB
1070,2025-04-04T06:42:28.000Z,34.85,34.26,BuildingA_Floor1,TypeC
1006,2025-04-08T13:04:20.000Z,24.12,50.86,BuildingB_Floor1,TypeC
1067,2025-04-08T13:32:16.000Z,18.52,32.23,BuildingB_Floor2,TypeB
1095,2025-04-08T00:53:18.000Z,19.98,62.68,BuildingA_Floor1,TypeC
1080,2025-04-08T03:28:59.000Z,23.84,38.29,BuildingA_Floor1,TypeA
1064,2025-04-07T00:03:50.000Z,27.02,36.53,BuildingA_Floor1,TypeB
1084,2025-04-06T15:47:14.000Z,32.96,60.28,BuildingA_Floor2,TypeC
1043,2025-04-08T00:20:05.000Z,22.56,58.53,BuildingB_Floor1,TypeA
1014,2025-04-06T07:51:22.000Z,32.5,33.64,BuildingA_Floor1,TypeA
1080,2025-04-03T23:50:53.000Z,20.66,31.29,BuildingA_Floor1,TypeB
1037,2025-04-05T19:51:55.000Z,19.58,39.72,BuildingB_Floor1,TypeA
1002,2025-04-07T00:51:06.000Z,20.13,75.7,BuildingB_Floor2,TypeB
1064,2025-04-07T07:25:03.000Z,31.01,60.81,BuildingA_Floor1,TypeC
1084,2025-04-04T10:12:13.000Z,24.2,36.98,BuildingB_Floor1,TypeA
1067,2025-04-06T22:51:16.000Z,27.85,51.04,BuildingA_Floor1,TypeA
1079,2025-04-04T19:42:11.000Z,31.39,74.49,BuildingB_Floor1,TypeC
1052,2025-04-05T05:29:31.000Z,22.23,30.04,BuildingB_Floor2,TypeC
1018,2025-04-05T06:40:28.000Z,15.62,70.0,BuildingA_Floor2,TypeB
1046,2025-04-08T05:10:03.000Z,22.18,30.41,BuildingB_Floor2,TypeC
1075,2025-04-07T00:15:41.000Z,17.76,39.3,BuildingA_Floor1,TypeA
1055,2025-04-06T10:34:11.000Z,31.06,46.89,BuildingA_Floor2,TypeC
1061,2025-04-04T13:12:33.000Z,17.07,63.6,BuildingB_Floor1,TypeA
1061,2025-04-05T19:05:51.000Z,15.96,58.07,BuildingA_Floor2,TypeC
1074,2025-04-08T02:32:28.000Z,16.45,44.49,BuildingB_Floor2,TypeB
1086,2025-04-07T02:10:56.000Z,33.57,32.65,BuildingA_Floor1,TypeA
1019,2025-04-06T18:40:27.000Z,26.21,59.64,BuildingB_Floor2,TypeB
1000,2025-04-07T08:45:38.000Z,33.65,68.62,BuildingB_Floor2,TypeB
1100,2025-04-08T23:04:02.000Z,22.21,74.91,BuildingA_Floor1,TypeC
1050,2025-04-06T12:46:09.000Z,32.57,74.99,BuildingA_Floor2,TypeB
1029,2025-04-07T10:14:59.000Z,29.67,31.64,BuildingA_Floor1,TypeA
1063,2025-04-07T09:55:21.000Z,25.62,41.25,BuildingA_Floor1,TypeC
1054,2025-04-04T03:23:41.000Z,29.31,64.48,BuildingB_Floor2,TypeB
1062,2025-04-08T22:20:13.000Z,27.13,70.72,BuildingB_Floor1,TypeC
1040,2025-04-06T03:53:05.000Z,30.05,49.79,BuildingB_Floor2,TypeA
1026,2025-04-07T09:23:11.000Z,23.61,59.91,BuildingB_Floor2,TypeA
1041,2025-04-04T20:41:51.000Z,21.26,64.12,BuildingA_Floor1,TypeC
1022,2025-04-07T08:01:59.000Z,28.47,44.31,BuildingA_Floor2,TypeA
1088,2025-04-05T15:17:39.000Z,19.24,72.33,BuildingA_Floor1,TypeA
1003,2025-04-07T20:19:36.000Z,29.03,33.75,BuildingB_Floor1,TypeA
1090,2025-04-07T09:55:08.000Z,28.12,57.31,BuildingA_Floor2,TypeB
1040,2025-04-05T22:35:38.000Z,32.94,62.46,BuildingA_Floor2,TypeB
1086,2025-04-07T03:30:26.000Z,17.52,42.71,BuildingA_Floor2,TypeB
1095,2025-04-04T15:21:29.000Z,20.15,54.42,BuildingA_Floor1,TypeB
1087,2025-04-07T06:22:49.000Z,23.27,32.62,BuildingA_Floor2,TypeB
1099,2025-04-04T06:46:02.000Z,19.4,36.07,BuildingB_Floor2,TypeA
1017,2025-04-08T09:51:09.000Z,18.1,71.37,BuildingB_Floor1,TypeA
1032,2025-04-05T06:08:52.000Z,31.04,34.29,BuildingA_Floor1,TypeA
1007,2025-04-07T14:44:23.000Z,22.24,57.92,BuildingA_Floor2,TypeA
1001,2025-04-08T05:51:12.000Z,21.65,38.97,BuildingB_Floor1,TypeA
1100,2025-04-06T17:18:15.000Z,33.92,56.19,BuildingA_Floor2,TypeB
1044,2025-04-05T23:32:58.000Z,15.47,39.24,BuildingA_Floor1,TypeC
1018,2025-04-06T00:16:13.000Z,21.23,64.5,BuildingB_Floor1,TypeA
1011,2025-04-05T06:01:16.000Z,33.36,56.33,BuildingB_Floor2,TypeB
1042,2025-04-06T00:02:47.000Z,31.32,70.73,BuildingB_Floor2,TypeA
1036,2025-04-05T05:10:24.000Z,30.05,63.69,BuildingB_Floor1,TypeB
1086,2025-04-06T19:03:41.000Z,28.51,63.56,BuildingA_Floor2,TypeA
1034,2025-04-08T02:00:56.000Z,24.77,39.23,BuildingB_Floor1,TypeC
1054,2025-04-06T04:57:00.000Z,25.53,65.83,BuildingB_Floor2,TypeA
1100,2025-04-06T14:16:00.000Z,30.87,76.42,BuildingA_Floor2,TypeB
1096,2025-04-06T06:01:29.000Z,18.62,69.33,BuildingB_Floor1,TypeC
1092,2025-04-06T14:24:41.000Z,20.88,75.39,BuildingA_Floor1,TypeB
1022,2025-04-07T11:56:35.000Z,16.11,70.1,BuildingA_Floor2,TypeA
1056,2025-04-04T04:23:47.000Z,20.26,41.83,BuildingB_Floor2,TypeC
1041,2025-04-05T14:43:29.000Z,31.36,57.76,BuildingB_Floor1,TypeC
1086,2025-04-05T23:40:43.000Z,15.74,35.92,BuildingB_Floor1,TypeC
1052,2025-04-06T15:15:27.000Z,23.9,44.2,BuildingB_Floor1,TypeB
1057,2025-04-05T06:09:11.000Z,16.81,47.74,BuildingB_Floor1,TypeB
1035,2025-04-08T09:43:11.000Z,30.67,66.07,BuildingA_Floor1,TypeC
1062,2025-04-08T12:04:20.000Z,26.39,79.56,BuildingA_Floor2,TypeB
1046,2025-04-07T14:31:48.000Z,31.35,61.93,BuildingA_Floor2,TypeB
1063,2025-04-08T10:38:10.000Z,24.11,30.37,BuildingA_Floor2,TypeB
1079,2025-04-08T18:00:23.000Z,18.45,78.74,BuildingB_Floor1,TypeA
1030,2025-04-05T07:21:54.000Z,23.52,67.32,BuildingB_Floor1,TypeB
1064,2025-04-07T16:25:29.000Z,34.97,73.91,BuildingA_Floor1,TypeA
1094,2025-04-07T04:37:45.000Z,18.77,47.24,BuildingA_Floor2,TypeC
1013,2025-04-08T15:06:44.000Z,33.77,56.89,BuildingA_Floor1,TypeC
1091,2025-04-04T17:56:21.000Z,17.3,34.0,BuildingA_Floor1,TypeA
1048,2025-04-05T18:51:06.000Z,17.58,46.67,BuildingA_Floor1,TypeB
1094,2025-04-07T16:41:17.000Z,26.49,63.49,BuildingB_Floor1,TypeC
1040,2025-04-08T09:19:35.000Z,18.34,34.94,BuildingA_Floor1,TypeC
1008,2025-04-04T10:27:15.000Z,31.77,37.76,BuildingB_Floor1,TypeA
1076,2025-04-05T06:29:32.000Z,17.28,78.41,BuildingB_Floor1,TypeA
1010,2025-04-05T01:38:17.000Z,19.08,49.75,BuildingA_Floor1,TypeC
1044,2025-04-08T20:42:32.000Z,26.08,43.03,BuildingA_Floor1,TypeC
1045,2025-04-05T03:31:38.000Z,27.64,37.03,BuildingA_Floor2,TypeA
1076,2025-04-07T00:28:22.000Z,15.39,67.76,BuildingB_Floor2,TypeC
1053,2025-04-05T03:59:16.000Z,25.46,37.21,BuildingB_Floor1,TypeA
1023,2025-04-06T13:45:25.000Z,25.05,52.55,BuildingA_Floor1,TypeA
1049,2025-04-07T09:53:33.000Z,32.36,36.14,BuildingB_Floor1,TypeB
1050,2025-04-08T05:15:48.000Z,15.65,51.04,BuildingA_Floor1,TypeA
1075,2025-04-04T18:50:17.000Z,19.26,32.35,BuildingA_Floor2,TypeA
1007,2025-04-07T02:33:12.000Z,21.99,34.34,BuildingA_Floor1,TypeB
1084,2025-04-06T23:59:52.000Z,24.79,37.44,BuildingB_Floor1,TypeB
1082,2025-04-04T23:27:49.000Z,33.02,32.36,BuildingA_Floor1,TypeB
1086,2025-04-04T23:09:34.000Z,33.47,61.45,BuildingB_Floor1,TypeC
1050,2025-04-08T04:11:19.000Z,25.36,79.14,BuildingB_Floor1,TypeC
1013,2025-04-05T13:21:14.000Z,19.8,40.26,BuildingA_Floor1,TypeB
1000,2025-04-07T05:45:03.000Z,31.52,62.5,BuildingB_Floor1,TypeB
1016,2025-04-06T05:21:56.000Z,32.39,68.51,BuildingB_Floor2,TypeA
1080,2025-04-06T23:20:57.000Z,32.78,47.04,BuildingA_Floor2,TypeB
1100,2025-04-07T22:35:11.000Z,34.53,63.79,BuildingB_Floor2,TypeA
1087,2025-04-05T05:08:59.000Z,28.68,46.93,BuildingA_Floor1,TypeA
1027,2025-04-06T06:07:01.000Z,18.44,32.93,BuildingB_Floor1,TypeA
1081,2025-04-08T00:05:04.000Z,31.06,73.05,BuildingB_Floor2,TypeA
1038,2025-04-06T20:46:24.000Z,15.98,69.2,BuildingB_Floor2,TypeA
1055,2025-04-04T05:23:00.000Z,24.34,68.13,BuildingB_Floor2,TypeA
1099,2025-04-04T06:06:22.000Z,23.32,34.68,BuildingB_Floor1,TypeB
1094,2025-04-08T10:24:44.000Z,32.12,36.89,BuildingA_Floor2,TypeA
1069,2025-04-07T00:45:29.000Z,32.85,49.35,BuildingB_Floor2,TypeC
1017,2025-04-04T14:36:52.000Z,32.11,73.62,BuildingB_Floor1,TypeB
1078,2025-04-06T03:34:39.000Z,24.32,62.2,BuildingA_Floor2,TypeA
1010,2025-04-07T13:08:05.000Z,17.7,56.55,BuildingA_Floor2,TypeB
1010,2025-04-06T04:30:02.000Z,32.88,57.1,BuildingA_Floor2,TypeC
1080,2025-04-08T11:24:32.000Z,26.85,51.66,BuildingA_Floor1,TypeC
1020,2025-04-07T08:06:39.000Z,18.36,77.91,BuildingB_Floor2,TypeA
1073,2025-04-08T12:11:56.000Z,32.55,66.34,BuildingA_Floor2,TypeC
1043,2025-04-04T15:08:00.000Z,34.99,50.89,BuildingB_Floor2,TypeB
1086,2025-04-06T13:22:54.000Z,18.17,76.77,BuildingB_Floor2,TypeA
1029,2025-04-07T05:13:51.000Z,33.23,51.97,BuildingA_Floor1,TypeB
1068,2025-04-05T07:56:09.000Z,27.03,34.65,BuildingA_Floor2,TypeC
1033,2025-04-05T22:09:29.000Z,31.34,53.49,BuildingB_Floor1,TypeB
1042,2025-04-06T01:40:02.000Z,32.38,62.51,BuildingA_Floor1,TypeB
1078,2025-04-05T05:25:13.000Z,16.98,44.9,BuildingA_Floor1,TypeB
1020,2025-04-07T04:31:51.000Z,34.74,39.72,BuildingA_Floor2,TypeC
1100,2025-04-08T04:10:25.000Z,33.93,44.79,BuildingB_Floor2,TypeB
1036,2025-04-06T09:16:38.000Z,30.04,30.76,BuildingA_Floor2,TypeC
1009,2025-04-08T07:48:10.000Z,28.73,43.11,BuildingA_Floor2,TypeA
1007,2025-04-04T21:49:46.000Z,19.59,38.71,BuildingA_Floor1,TypeA
1095,2025-04-05T08:45:47.000Z,29.63,30.34,BuildingB_Floor2,TypeC
1013,2025-04-08T18:51:31.000Z,15.23,76.56,BuildingB_Floor1,TypeC
1097,2025-04-04T19:27:41.000Z,18.02,61.16,BuildingB_Floor1,TypeC
1039,2025-04-08T07:59:12.000Z,33.36,77.48,BuildingA_Floor1,TypeC
1035,2025-04-05T15:17:19.000Z,16.61,75.65,BuildingB_Floor2,TypeA
1012,2025-04-04T10:45:40.000Z,29.45,71.71,BuildingA_Floor1,TypeB
1021,2025-04-05T02:37:33.000Z,34.4,60.48,BuildingA_Floor2,TypeC
1001,2025-04-06T06:33:35.000Z,32.03,36.68,BuildingB_Floor2,TypeA
1015,2025-04-05T16:57:54.000Z,32.28,51.74,BuildingA_Floor2,TypeC
1028,2025-04-08T17:09:40.000Z,21.14,55.47,BuildingB_Floor2,TypeA
1082,2025-04-08T18:07:39.000Z,18.56,41.6,BuildingB_Floor2,TypeB
1051,2025-04-05T08:51:55.000Z,22.95,41.59,BuildingB_Floor2,TypeA
1026,2025-04-04T13:15:57.000Z,34.2,53.44,BuildingB_Floor1,TypeB
1013,2025-04-04T11:27:16.000Z,23.84,65.93,BuildingB_Floor2,TypeC
1017,2025-04-04T06:51:39.000Z,15.48,31.25,BuildingB_Floor2,TypeC
1031,2025-04-08T16:22:03.000Z,23.32,76.22,BuildingB_Floor2,TypeB
1015,2025-04-04T18:07:22.000Z,27.81,34.04,BuildingA_Floor1,TypeB
1097,2025-04-04T06:50:24.000Z,24.77,78.8,BuildingB_Floor2,TypeB
1009,2025-04-06T23:28:55.000Z,25.09,36.82,BuildingB_Floor2,TypeC
1052,2025-04-06T21:07:52.000Z,30.33,77.54,BuildingB_Floor2,TypeB
1056,2025-04-08T16:40:04.000Z,18.02,58.3,BuildingB_Floor1,TypeB
1068,2025-04-06T23:00:53.000Z,21.17,42.8,BuildingA_Floor1,TypeC
1062,2025-04-06T19:12:48.000Z,24.97,36.39,BuildingB_Floor1,TypeC
1096,2025-04-05T21:09:57.000Z,21.18,71.37,BuildingA_Floor2,TypeA
1008,2025-04-07T13:02:30.000Z,34.98,67.46,BuildingA_Floor2,TypeB
1030,2025-04-05T07:21:35.000Z,16.19,44.33,BuildingA_Floor1,TypeA
1050,2025-04-05T21:07:52.000Z,15.75,46.45,BuildingB_Floor2,TypeA
1065,2025-04-07T01:37:37.000Z,22.3,47.2,BuildingA_Floor2,TypeC
1042,2025-04-08T14:39:18.000Z,31.29,62.36,BuildingB_Floor2,TypeB
1035,2025-04-05T03:38:39.000Z,33.84,69.17,BuildingB_Floor1,TypeB
1052,2025-04-06T19:56:25.000Z,33.16,50.1,BuildingA_Floor1,TypeC
1023,2025-04-04T19:53:07.000Z,29.56,77.01,BuildingA_Floor1,TypeA
1042,2025-04-08T01:56:47.000Z,34.73,41.34,BuildingB_Floor1,TypeA
1002,2025-04-04T16:10:53.000Z,18.69,72.5,BuildingA_Floor2,TypeB
1000,2025-04-08T12:11:18.000Z,27.92,46.49,BuildingB_Floor1,TypeA
1037,2025-04-06T23:30:53.000Z,32.29,56.28,BuildingB_Floor1,TypeB
1095,2025-04-08T20:30:39.000Z,26.68,65.85,BuildingB_Floor2,TypeB
1095,2025-04-07T20:17:29.000Z,29.68,60.5,BuildingA_Floor2,TypeB
1039,2025-04-08T00:07:29.000Z,22.67,74.32,BuildingA_Floor2,TypeB
1050,2025-04-07T15:52:11.000Z,21.17,62.7,BuildingA_Floor1,TypeA
1062,2025-04-07T11:56:30.000Z,19.0,72.38,BuildingA_Floor2,TypeA
1030,2025-04-07T15:57:36.000Z,23.43,78.74,BuildingA_Floor1,TypeA
1022,2025-04-08T22:15:19.000Z,26.09,52.68,BuildingA_Floor2,TypeA
1049,2025-04-05T05:28:41.000Z,30.09,64.79,BuildingB_Floor1,TypeB
1002,2025-04-07T12:12:48.000Z,34.17,32.6,BuildingA_Floor1,TypeB
1081,2025-04-07T16:23:11.000Z,18.37,42.05,BuildingA_Floor1,TypeB
1043,2025-04-07T02:19:22.000Z,25.77,47.05,BuildingA_Floor2,TypeC
1070,2025-04-06T23:55:10.000Z,28.13,60.14,BuildingA_Floor2,TypeB
1055,2025-04-07T10:28:37.000Z,23.35,52.46,BuildingB_Floor1,TypeB
1010,2025-04-05T15:50:07.000Z,15.81,59.06,BuildingA_Floor2,TypeB
1059,2025-04-05T08:56:24.000Z,17.65,47.87,BuildingB_Floor1,TypeA
1076,2025-04-08T02:49:09.000Z,22.9,42.38,BuildingB_Floor2,TypeB
1054,2025-04-07T15:14:12.000Z,28.04,56.48,BuildingB_Floor1,TypeA
1030,2025-04-04T04:58:35.000Z,15.98,55.59,BuildingA_Floor2,TypeA
1092,2025-04-04T19:39:57.000Z,28.47,35.47,BuildingA_Floor1,TypeB
1002,2025-04-06T07:50:25.000Z,28.12,72.78,BuildingA_Floor1,TypeB
1031,2025-04-07T04:40:13.000Z,26.01,38.66,BuildingB_Floor2,TypeB
1053,2025-04-07T16:43:52.000Z,27.38,73.48,BuildingA_Floor1,TypeA
1026,2025-04-07T04:36:04.000Z,32.6,43.75,BuildingA_Floor1,TypeC
1081,2025-04-04T03:07:35.000Z,21.63,38.94,BuildingB_Floor1,TypeC
1002,2025-04-08T20:29:25.000Z,25.76,63.48,BuildingB_Floor1,TypeC
1023,2025-04-08T18:25:58.000Z,33.22,54.72,BuildingB_Floor2,TypeC
1090,2025-04-07T11:47:37.000Z,29.21,63.83,BuildingB_Floor1,TypeC
1049,2025-04-07T23:58:06.000Z,30.94,43.22,BuildingA_Floor1,TypeB
1065,2025-04-06T08:49:27.000Z,21.03,62.16,BuildingA_Floor2,TypeC
1023,2025-04-05T01:47:35.000Z,27.45,63.6,BuildingB_Floor1,TypeC
1084,2025-04-04T02:10:33.000Z,22.68,49.47,BuildingA_Floor2,TypeA
1100,2025-04-08T06:53:11.000Z,27.9,72.94,BuildingB_Floor1,TypeC
1099,2025-04-06T05:22:27.000Z,26.08,50.38,BuildingA_Floor1,TypeB
1093,2025-04-08T11:14:19.000Z,18.54,79.64,BuildingA_Floor1,TypeB
1055,2025-04-07T09:28:19.000Z,33.84,53.59,BuildingB_Floor1,TypeA
1085,2025-04-04T05:12:26.000Z,23.41,72.72,BuildingB_Floor1,TypeA
1008,2025-04-06T04:50:57.000Z,25.3,61.68,BuildingB_Floor2,TypeB
1031,2025-04-05T14:34:59.000Z,28.24,71.44,BuildingB_Floor1,TypeC
1068,2025-04-04T12:34:36.000Z,29.93,59.0,BuildingB_Floor2,TypeC
1003,2025-04-04T02:10:54.000Z,27.29,34.31,BuildingB_Floor2,TypeC
1095,2025-04-07T12:36:26.000Z,23.68,44.58,BuildingA_Floor1,TypeA
1079,2025-04-07T14:17:05.000Z,34.06,57.06,BuildingB_Floor1,TypeB
1068,2025-04-07T04:14:14.000Z,19.91,73.9,BuildingA_Floor1,TypeB
1053,2025-04-08T01:15:27.000Z,24.51,63.33,BuildingA_Floor1,TypeC
1073,2025-04-08T17:36:58.000Z,24.89,33.67,BuildingB_Floor2,TypeB
1000,2025-04-07T01:58:47.000Z,21.08,47.49,BuildingA_Floor1,TypeA
1086,2025-04-06T11:46:09.000Z,31.83,42.97,BuildingB_Floor2,TypeB
1034,2025-04-08T16:40:35.000Z,33.03,47.1,BuildingA_Floor2,TypeA
1011,2025-04-07T13:00:48.000Z,21.44,47.89,BuildingB_Floor1,TypeB
1046,2025-04-08T10:38:21.000Z,34.56,56.54,BuildingA_Floor2,TypeB
1061,2025-04-06T04:52:13.000Z,17.77,78.1,BuildingA_Floor2,TypeC
1084,2025-04-04T22:57:16.000Z,31.46,61.45,BuildingA_Floor2,TypeA
1079,2025-04-08T19:44:24.000Z,34.03,31.76,BuildingA_Floor2,TypeB
1006,2025-04-08T19:18:31.000Z,25.08,67.78,BuildingB_Floor1,TypeA
1032,2025-04-06T09:07:40.000Z,28.92,65.45,BuildingB_Floor2,TypeA
1065,2025-04-06T10:22:00.000Z,24.0,30.7,BuildingB_Floor2,TypeB
1094,2025-04-06T23:24:55.000Z,31.3,66.46,BuildingA_Floor1,TypeA
1046,2025-04-07T20:47:51.000Z,33.34,40.75,BuildingA_Floor2,TypeC
1070,2025-04-04T13:41:44.000Z,19.01,53.24,BuildingA_Floor1,TypeA
1096,2025-04-08T11:27:54.000Z,16.62,37.77,BuildingA_Floor2,TypeA
1084,2025-04-08T09:31:44.000Z,27.04,40.72,BuildingA_Floor2,TypeA
1011,2025-04-04T20:28:56.000Z,22.41,70.5,BuildingA_Floor1,TypeB
1041,2025-04-06T16:38:07.000Z,15.27,33.1,BuildingB_Floor2,TypeA
1009,2025-04-07T07:04:10.000Z,30.39,73.85,BuildingB_Floor2,TypeA
1039,2025-04-05T01:07:39.000Z,27.68,53.61,BuildingA_Floor2,TypeC
1097,2025-04-06T08:46:49.000Z,18.61,34.99,BuildingA_Floor1,TypeB
1028,2025-04-04T06:55:07.000Z,15.33,72.38,BuildingB_Floor2,TypeC
1025,2025-04-08T19:07:21.000Z,32.51,78.12,BuildingB_Floor1,TypeA
1030,2025-04-07T21:28:47.000Z,23.32,74.46,BuildingB_Floor1,TypeB
1052,2025-04-06T13:33:10.000Z,27.89,32.24,BuildingA_Floor1,TypeB
1053,2025-04-06T00:05:30.000Z,18.96,43.66,BuildingB_Floor1,TypeA
1083,2025-04-08T16:53:26.000Z,27.54,67.74,BuildingB_Floor2,TypeC
1084,2025-04-05T02:54:23.000Z,18.18,33.87,BuildingA_Floor2,TypeB
1049,2025-04-06T23:59:41.000Z,24.18,37.17,BuildingB_Floor2,TypeC
1002,2025-04-08T11:26:01.000Z,23.07,63.21,BuildingB_Floor1,TypeB
1076,2025-04-07T22:03:23.000Z,18.55,58.64,BuildingA_Floor2,TypeC
1090,2025-04-04T05:55:15.000Z,27.4,58.68,BuildingB_Floor2,TypeC
1084,2025-04-04T23:20:57.000Z,30.69,68.76,BuildingA_Floor2,TypeA
1007,2025-04-05T05:19:38.000Z,20.27,79.49,BuildingB_Floor2,TypeC
1084,2025-04-04T02:44:53.000Z,24.05,35.47,BuildingA_Floor2,TypeA
1073,2025-04-08T04:11:41.000Z,24.8,60.3,BuildingB_Floor2,TypeB
1068,2025-04-04T16:09:22.000Z,17.06,76.84,BuildingB_Floor2,TypeA
1008,2025-04-08T10:47:43.000Z,21.53,72.7,BuildingA_Floor1,TypeA
1012,2025-04-06T23:53:30.000Z,22.79,48.18,BuildingA_Floor1,TypeA
1037,2025-04-05T10:23:07.000Z,30.35,47.89,BuildingB_Floor2,TypeC
1028,2025-04-08T14:36:11.000Z,28.61,45.49,BuildingA_Floor1,TypeC
1035,2025-04-07T02:19:38.000Z,21.1,56.67,BuildingB_Floor2,TypeB
1012,2025-04-05T07:52:06.000Z,19.27,48.3,BuildingB_Floor2,TypeB
1001,2025-04-05T20:09:53.000Z,27.02,37.86,BuildingA_Floor1,TypeC
1002,2025-04-05T19:53:02.000Z,17.41,77.39,BuildingA_Floor1,TypeB
1007,2025-04-04T12:01:00.000Z,20.87,60.27,BuildingB_Floor2,TypeC
1058,2025-04-04T21:01:41.000Z,33.71,43.72,BuildingB_Floor1,TypeC
1098,2025-04-08T10:31:46.000Z,16.02,40.34,BuildingA_Floor1,TypeC
1063,2025-04-04T16:15:59.000Z,17.83,61.23,BuildingB_Floor1,TypeA
1078,2025-04-04T16:07:11.000Z,18.71,61.5,BuildingA_Floor2,TypeC
1008,2025-04-05T02:34:02.000Z,32.47,50.17,BuildingB_Floor2,TypeB
1086,2025-04-04T13:09:25.000Z,21.13,38.75,BuildingB_Floor2,TypeC
1013,2025-04-06T01:54:18.000Z,32.72,52.49,BuildingA_Floor2,TypeB
1100,2025-04-08T06:10:32.000Z,28.74,76.74,BuildingB_Floor1,TypeA
1047,2025-04-05T10:16:48.000Z,28.15,55.56,BuildingB_Floor1,TypeA
1084,2025-04-04T00:44:42.000Z,23.73,48.82,BuildingB_Floor1,TypeA
1024,2025-04-08T01:53:38.000Z,23.09,48.54,BuildingA_Floor2,TypeB
1096,2025-04-05T08:55:13.000Z,22.97,30.5,BuildingA_Floor2,TypeC
1050,2025-04-08T16:33:01.000Z,28.79,30.68,BuildingA_Floor1,TypeA
1032,2025-04-05T05:32:41.000Z,30.53,59.33,BuildingA_Floor2,TypeB
1040,2025-04-07T11:53:22.000Z,34.22,55.6,BuildingA_Floor1,TypeA
1054,2025-04-04T07:54:52.000Z,30.63,35.43,BuildingB_Floor2,TypeC
1089,2025-04-08T13:35:56.000Z,23.67,37.95,BuildingB_Floor1,TypeC
1074,2025-04-07T03:32:23.000Z,15.2,44.16,BuildingA_Floor1,TypeC
1073,2025-04-04T00:11:21.000Z,15.16,66.34,BuildingA_Floor1,TypeB
1034,2025-04-05T09:00:11.000Z,17.9,78.89,BuildingB_Floor2,TypeB
1032,2025-04-08T12:03:20.000Z,30.34,39.25,BuildingB_Floor1,TypeB
1098,2025-04-06T03:03:18.000Z,32.44,35.34,BuildingA_Floor2,TypeB
1024,2025-04-08T09:57:56.000Z,24.82,61.32,BuildingA_Floor1,TypeC
1089,2025-04-05T20:13:04.000Z,17.81,36.58,BuildingB_Floor1,TypeB
1089,2025-04-06T19:45:13.000Z,24.08,74.77,BuildingA_Floor1,TypeA
1071,2025-04-06T16:36:58.000Z,18.41,63.15,BuildingB_Floor2,TypeB
1022,2025-04-07T09:06:09.000Z,29.98,50.2,BuildingB_Floor2,TypeA
1075,2025-04-05T11:23:11.000Z,19.6,54.02,BuildingA_Floor2,TypeA
1050,2025-04-07T14:01:15.000Z,18.1,32.38,BuildingB_Floor2,TypeA
1009,2025-04-05T12:05:38.000Z,32.27,64.93,BuildingA_Floor1,TypeA
1036,2025-04-05T22:51:02.000Z,28.51,68.95,BuildingA_Floor1,TypeC
1033,2025-04-08T13:43:09.000Z,20.18,57.06,BuildingA_Floor1,TypeA
1013,2025-04-07T02:56:53.000Z,34.59,64.77,BuildingB_Floor1,TypeB
1047,2025-04-06T07:43:29.000Z,31.26,66.33,BuildingA_Floor2,TypeC
1017,2025-04-06T05:04:12.000Z,16.78,64.7,BuildingA_Floor1,TypeA
1061,2025-04-06T10:18:50.000Z,22.8,64.64,BuildingA_Floor2,TypeB
1059,2025-04-04T15:53:52.000Z,19.32,58.28,BuildingB_Floor2,TypeA
1028,2025-04-08T11:05:45.000Z,20.71,70.25,BuildingB_Floor2,TypeA
1056,2025-04-06T05:53:13.000Z,24.54,61.03,BuildingA_Floor2,TypeC
1003,2025-04-07T03:48:22.000Z,24.39,44.28,BuildingB_Floor1,TypeB
1071,2025-04-04T00:23:15.000Z,28.54,30.51,BuildingB_Floor2,TypeA
1036,2025-04-05T07:12:28.000Z,24.81,40.01,BuildingB_Floor1,TypeA
1013,2025-04-05T04:42:05.000Z,34.91,56.95,BuildingB_Floor2,TypeA
1051,2025-04-04T07:49:23.000Z,19.52,57.54,BuildingB_Floor2,TypeC
1095,2025-04-08T21:50:19.000Z,17.71,40.56,BuildingA_Floor1,TypeB
1097,2025-04-05T06:00:32.000Z,29.79,44.03,BuildingA_Floor2,TypeB
1035,2025-04-04T23:23:25.000Z,33.42,78.13,BuildingB_Floor2,TypeA
1090,2025-04-08T10:52:23.000Z,34.29,38.24,BuildingB_Floor2,TypeC
1025,2025-04-07T05:30:24.000Z,24.59,59.19,BuildingA_Floor1,TypeB
1036,2025-04-08T08:59:42.000Z,27.9,48.3,BuildingA_Floor2,TypeB
1055,2025-04-07T19:06:50.000Z,17.15,40.35,BuildingA_Floor2,TypeC
1081,2025-04-04T09:28:12.000Z,26.81,42.41,BuildingB_Floor1,TypeC
1073,2025-04-08T04:57:19.000Z,20.11,41.43,BuildingA_Floor2,TypeC
1046,2025-04-05T13:14:51.000Z,15.85,36.5,BuildingA_Floor2,TypeB
1080,2025-04-04T11:38:11.000Z,18.17,37.29,BuildingA_Floor2,TypeA
1083,2025-04-06T12:37:46.000Z,31.71,41.21,BuildingB_Floor2,TypeC
1011,2025-04-08T12:18:40.000Z,32.76,77.04,BuildingB_Floor2,TypeB
1033,2025-04-07T10:38:25.000Z,29.97,56.99,BuildingA_Floor1,TypeA
1072,2025-04-04T02:16:55.000Z,18.3,47.34,BuildingA_Floor1,TypeC
1000,2025-04-07T06:03:32.000Z,24.46,49.51,BuildingB_Floor1,TypeA
1086,2025-04-06T19:32:27.000Z,15.11,67.21,BuildingA_Floor1,TypeA
1053,2025-04-08T23:22:53.000Z,28.07,36.95,BuildingB_Floor1,TypeB
1014,2025-04-07T15:00:59.000Z,34.26,71.21,BuildingB_Floor1,TypeC
1031,2025-04-04T02:57:25.000Z,29.92,34.43,BuildingB_Floor1,TypeB
1014,2025-04-05T18:12:27.000Z,32.97,51.43,BuildingB_Floor1,TypeB
1016,2025-04-06T17:49:05.000Z,21.18,56.04,BuildingA_Floor2,TypeB
1060,2025-04-06T10:37:48.000Z,32.75,73.24,BuildingA_Floor1,TypeC
1051,2025-04-08T19:29:56.000Z,19.91,70.4,BuildingA_Floor2,TypeA
1068,2025-04-06T06:21:25.000Z,24.41,40.22,BuildingA_Floor1,TypeA
1039,2025-04-07T10:14:38.000Z,21.0,51.44,BuildingA_Floor2,TypeB
1085,2025-04-07T08:53:48.000Z,23.43,64.7,BuildingA_Floor2,TypeB
1000,2025-04-04T12:42:12.000Z,16.29,79.84,BuildingB_Floor2,TypeC
1018,2025-04-06T19:08:16.000Z,19.17,54.71,BuildingA_Floor2,TypeA
1056,2025-04-05T17:18:33.000Z,20.13,35.56,BuildingA_Floor2,TypeA
1024,2025-04-04T22:42:15.000Z,24.09,76.92,BuildingA_Floor1,TypeC
1012,2025-04-08T15:10:37.000Z,20.48,47.78,BuildingB_Floor2,TypeB
1020,2025-04-08T16:34:25.000Z,31.07,41.58,BuildingB_Floor1,TypeB
1074,2025-04-05T00:36:09.000Z,29.7,73.7,BuildingA_Floor1,TypeC
1097,2025-04-07T04:58:30.000Z,28.34,53.13,BuildingA_Floor1,TypeA
1076,2025-04-08T03:04:33.000Z,24.63,53.49,BuildingB_Floor1,TypeB
1036,2025-04-08T17:01:56.000Z,33.1,74.82,BuildingA_Floor2,TypeA
1084,2025-04-07T13:53:11.000Z,18.77,37.76,BuildingA_Floor2,TypeC
1018,2025-04-06T23:28:33.000Z,25.12,45.97,BuildingA_Floor1,TypeA
1090,2025-04-06T04:13:43.000Z,24.81,73.78,BuildingB_Floor2,TypeC
1050,2025-04-05T22:56:33.000Z,25.57,47.37,BuildingA_Floor1,TypeA
1036,2025-04-05T05:20:52.000Z,17.88,78.32,BuildingA_Floor1,TypeB
1077,2025-04-08T13:03:30.000Z,24.43,68.48,BuildingA_Floor2,TypeB
1044,2025-04-08T09:07:22.000Z,20.85,31.3,BuildingB_Floor1,TypeC
1002,2025-04-07T02:40:48.000Z,23.39,65.77,BuildingB_Floor2,TypeC
1036,2025-04-07T05:22:19.000Z,29.08,70.95,BuildingB_Floor1,TypeC
1003,2025-04-07T12:40:09.000Z,34.54,66.73,BuildingB_Floor2,TypeA
1025,2025-04-08T10:58:41.000Z,17.95,64.46,BuildingA_Floor1,TypeC
1017,2025-04-07T03:56:39.000Z,17.08,61.55,BuildingA_Floor1,TypeC
1019,2025-04-06T22:15:47.000Z,16.98,36.83,BuildingA_Floor1,TypeA
1034,2025-04-08T09:38:19.000Z,19.22,68.21,BuildingB_Floor1,TypeC
1069,2025-04-08T17:26:27.000Z,33.75,31.26,BuildingB_Floor2,TypeB
1049,2025-04-04T23:15:49.000Z,24.51,75.76,BuildingB_Floor2,TypeC
1090,2025-04-04T13:15:29.000Z,25.57,49.78,BuildingA_Floor1,TypeA
1051,2025-04-07T17:14:01.000Z,20.9,55.73,BuildingB_Floor2,TypeA
1099,2025-04-04T21:34:56.000Z,34.02,61.16,BuildingB_Floor2,TypeA
1059,2025-04-05T15:48:03.000Z,22.78,50.56,BuildingB_Floor2,TypeB
1083,2025-04-05T12:09:48.000Z,19.52,48.05,BuildingB_Floor1,TypeB
1053,2025-04-04T18:21:53.000Z,23.37,45.64,BuildingB_Floor2,TypeC
1040,2025-04-05T09:19:13.000Z,32.32,69.33,BuildingA_Floor1,TypeB
1004,2025-04-06T17:26:28.000Z,24.38,61.82,BuildingB_Floor2,TypeC
1018,2025-04-04T03:13:33.000Z,33.5,67.8,BuildingB_Floor1,TypeC
1046,2025-04-08T10:04:49.000Z,29.77,59.93,BuildingA_Floor2,TypeC
1000,2025-04-08T17:53:39.000Z,20.37,74.37,BuildingB_Floor2,TypeA
1060,2025-04-04T08:13:27.000Z,27.23,44.72,BuildingA_Floor2,TypeC
1087,2025-04-05T05:45:53.000Z,16.74,57.53,BuildingA_Floor2,TypeC
1027,2025-04-08T07:03:18.000Z,25.48,31.93,BuildingA_Floor2,TypeB
1076,2025-04-05T11:10:37.000Z,20.89,55.32,BuildingA_Floor2,TypeA
1049,2025-04-07T12:45:19.000Z,34.13,45.46,BuildingA_Floor2,TypeA
1054,2025-04-05T14:38:14.000Z,15.21,49.91,BuildingB_Floor2,TypeC
1056,2025-04-05T10:30:54.000Z,24.64,45.62,BuildingB_Floor2,TypeC
1048,2025-04-08T11:24:15.000Z,34.74,60.55,BuildingB_Floor2,TypeC
1044,2025-04-07T00:56:24.000Z,26.01,35.95,BuildingB_Floor2,TypeA
1076,2025-04-06T20:01:05.000Z,34.43,72.95,BuildingB_Floor1,TypeA
1030,2025-04-04T15:59:45.000Z,21.29,43.27,BuildingA_Floor1,TypeA
1006,2025-04-04T23:24:11.000Z,28.56,38.97,BuildingB_Floor2,TypeC
1064,2025-04-08T01:25:41.000Z,19.11,51.79,BuildingA_Floor2,TypeB
1035,2025-04-07T09:15:17.000Z,23.81,53.18,BuildingB_Floor1,TypeA
1050,2025-04-06T09:21:04.000Z,28.08,38.97,BuildingB_Floor1,TypeB
1028,2025-04-07T23:40:27.000Z,15.45,58.52,BuildingA_Floor1,TypeB
1081,2025-04-05T03:11:31.000Z,20.17,43.34,BuildingB_Floor1,TypeA
1068,2025-04-07T05:48:57.000Z,20.83,31.13,BuildingA_Floor1,TypeA
1044,2025-04-04T16:27:13.000Z,25.03,59.07,BuildingB_Floor1,TypeA
1003,2025-04-05T17:01:43.000Z,16.3,48.27,BuildingB_Floor2,TypeA
1081,2025-04-06T01:39:03.000Z,31.21,60.46,BuildingB_Floor1,TypeC
1044,2025-04-08T17:53:34.000Z,28.99,76.12,BuildingB_Floor1,TypeA
1060,2025-04-04T08:24:24.000Z,21.1,36.92,BuildingA_Floor1,TypeB
1062,2025-04-08T07:57:32.000Z,20.15,70.12,BuildingB_Floor2,TypeA
1064,2025-04-07T22:13:57.000Z,23.72,56.02,BuildingB_Floor1,TypeA
1095,2025-04-05T14:08:13.000Z,22.52,71.84,BuildingA_Floor2,TypeB
1005,2025-04-05T20:22:03.000Z,28.62,75.18,BuildingA_Floor1,TypeA
1037,2025-04-05T01:51:17.000Z,30.73,72.66,BuildingB_Floor1,TypeC
1097,2025-04-08T22:55:25.000Z,19.48,48.39,BuildingA_Floor2,TypeC
1018,2025-04-07T01:59:16.000Z,30.04,52.23,BuildingB_Floor2,TypeB
1017,2025-04-08T05:54:48.000Z,31.54,38.5,BuildingB_Floor1,TypeA
1052,2025-04-06T21:56:37.000Z,18.37,36.01,BuildingB_Floor1,TypeC
1023,2025-04-04T07:01:27.000Z,15.26,63.13,BuildingB_Floor2,TypeA
1091,2025-04-04T15:50:29.000Z,24.34,32.84,BuildingA_Floor1,TypeB
1040,2025-04-07T14:27:53.000Z,23.9,39.0,BuildingB_Floor2,TypeA
1048,2025-04-04T01:34:20.000Z,18.02,54.79,BuildingB_Floor1,TypeC
1075,2025-04-04T13:32:31.000Z,31.39,65.73,BuildingA_Floor2,TypeB
1058,2025-04-08T08:41:48.000Z,15.64,70.22,BuildingA_Floor2,TypeC
1057,2025-04-07T18:01:33.000Z,18.92,61.68,BuildingA_Floor1,TypeA
1080,2025-04-07T21:06:54.000Z,16.45,61.44,BuildingA_Floor1,TypeA
1025,2025-04-08T20:40:14.000Z,20.13,56.1,BuildingB_Floor1,TypeC
1095,2025-04-07T04:36:09.000Z,31.56,54.64,BuildingB_Floor2,TypeC
1084,2025-04-08T16:42:03.000Z,19.12,41.92,BuildingA_Floor1,TypeB
1002,2025-04-06T14:17:59.000Z,15.24,48.03,BuildingB_Floor2,TypeA
1043,2025-04-06T22:28:31.000Z,20.82,51.55,BuildingA_Floor1,TypeA
1097,2025-04-08T14:51:29.000Z,31.04,63.02,BuildingB_Floor2,TypeC
1092,2025-04-05T08:58:13.000Z,27.64,40.55,BuildingA_Floor2,TypeC
1049,2025-04-04T09:44:22.000Z,19.72,44.41,BuildingB_Floor2,TypeB
1056,2025-04-07T11:01:32.000Z,17.18,39.54,BuildingB_Floor1,TypeB
1023,2025-04-06T22:13:48.000Z,16.05,70.9,BuildingB_Floor1,TypeC
1079,2025-04-05T10:34:46.000Z,16.32,41.51,BuildingA_Floor1,TypeA
1098,2025-04-07T17:45:32.000Z,30.04,57.33,BuildingB_Floor2,TypeC
1061,2025-04-06T05:45:00.000Z,33.61,48.79,BuildingA_Floor1,TypeB
1029,2025-04-06T16:50:23.000Z,33.77,47.28,BuildingA_Floor2,TypeB
1042,2025-04-08T12:51:32.000Z,34.05,38.71,BuildingB_Floor2,TypeB
1039,2025-04-08T10:28:32.000Z,16.26,78.48,BuildingB_Floor1,TypeB
1051,2025-04-06T18:19:18.000Z,24.27,74.58,BuildingB_Floor1,TypeB
1065,2025-04-06T03:41:44.000Z,15.51,69.22,BuildingA_Floor1,TypeA
1025,2025-04-08T11:19:49.000Z,20.24,49.2,BuildingB_Floor1,TypeA
1052,2025-04-04T17:10:13.000Z,29.46,44.21,BuildingA_Floor2,TypeC
1084,2025-04-06T14:55:05.000Z,24.63,48.12,BuildingB_Floor2,TypeA
1032,2025-04-05T14:07:24.000Z,15.76,72.7,BuildingB_Floor2,TypeC
1052,2025-04-06T22:15:59.000Z,24.54,59.26,BuildingA_Floor1,TypeB
1044,2025-04-06T14:18:00.000Z,31.1,49.51,BuildingB_Floor2,TypeC
1073,2025-04-07T07:23:34.000Z,18.25,43.23,BuildingA_Floor1,TypeC
1055,2025-04-06T08:10:30.000Z,20.11,39.7,BuildingB_Floor2,TypeB
1097,2025-04-04T03:26:33.000Z,17.64,62.2,BuildingB_Floor1,TypeA
1016,2025-04-04T18:59:34.000Z,27.11,76.34,BuildingA_Floor2,TypeC
1035,2025-04-05T17:48:00.000Z,25.3,44.25,BuildingB_Floor2,TypeA
1089,2025-04-07T06:37:37.000Z,22.25,74.24,BuildingA_Floor1,TypeC
1008,2025-04-06T11:16:25.000Z,17.18,66.08,BuildingA_Floor2,TypeA
1028,2025-04-06T03:29:22.000Z,22.95,75.31,BuildingB_Floor2,TypeC
1081,2025-04-07T19:32:10.000Z,29.74,61.64,BuildingB_Floor2,TypeC
1057,2025-04-05T10:56:25.000Z,25.0,34.18,BuildingA_Floor1,TypeA
1043,2025-04-07T17:52:24.000Z,22.3,54.29,BuildingA_Floor1,TypeB
1058,2025-04-04T15:16:19.000Z,34.03,40.89,BuildingA_Floor2,TypeA
1032,2025-04-05T01:45:42.000Z,18.39,61.36,BuildingB_Floor2,TypeB
1026,2025-04-07T07:47:15.000Z,22.78,64.08,BuildingA_Floor1,TypeC
1043,2025-04-08T09:09:36.000Z,20.51,70.25,BuildingA_Floor1,TypeA
1094,2025-04-04T00:13:16.000Z,34.96,60.2,BuildingA_Floor1,TypeC
1039,2025-04-08T19:23:24.000Z,17.14,48.91,BuildingA_Floor1,TypeC
1062,2025-04-05T09:29:00.000Z,32.08,38.75,BuildingB_Floor1,TypeB
1098,2025-04-08T04:07:47.000Z,16.9,43.79,BuildingA_Floor1,TypeC
1029,2025-04-05T09:21:57.000Z,27.7,52.15,BuildingA_Floor2,TypeB
1077,2025-04-08T08:23:59.000Z,23.23,68.46,BuildingA_Floor1,TypeB
1092,2025-04-07T06:03:01.000Z,22.0,56.61,BuildingB_Floor2,TypeA
1051,2025-04-06T20:59:10.000Z,32.52,69.46,BuildingA_Floor2,TypeA
1005,2025-04-07T15:21:48.000Z,26.52,40.76,BuildingA_Floor2,TypeB
1077,2025-04-07T13:42:46.000Z,21.09,46.6,BuildingA_Floor1,TypeB
1006,2025-04-05T01:54:38.000Z,18.58,42.19,BuildingA_Floor2,TypeA
1021,2025-04-08T08:55:57.000Z,17.64,34.78,BuildingB_Floor1,TypeC
1045,2025-04-04T14:11:44.000Z,31.24,43.79,BuildingB_Floor2,TypeC
1076,2025-04-06T19:12:55.000Z,28.28,59.99,BuildingB_Floor1,TypeB
1085,2025-04-04T11:36:45.000Z,34.96,36.78,BuildingA_Floor2,TypeB
1061,2025-04-08T15:19:26.000Z,26.22,66.95,BuildingA_Floor1,TypeB
1056,2025-04-06T02:22:16.000Z,15.96,47.12,BuildingA_Floor1,TypeB
1019,2025-04-04T01:49:17.000Z,34.55,58.31,BuildingB_Floor2,TypeC
1045,2025-04-08T00:51:29.000Z,19.99,38.53,BuildingB_Floor1,TypeC
1068,2025-04-07T07:47:15.000Z,23.85,76.44,BuildingA_Floor1,TypeC
1042,2025-04-07T03:51:12.000Z,15.47,30.74,BuildingA_Floor2,TypeB
1004,2025-04-07T18:21:16.000Z,29.79,73.29,BuildingB_Floor2,TypeA
1011,2025-04-07T15:52:02.000Z,21.71,65.57,BuildingB_Floor2,TypeA
1047,2025-04-08T06:27:09.000Z,17.78,61.47,BuildingA_Floor2,TypeC
1045,2025-04-04T06:21:17.000Z,20.44,34.93,BuildingA_Floor1,TypeC
1066,2025-04-05T01:57:18.000Z,32.42,58.22,BuildingA_Floor1,TypeB
1001,2025-04-05T16:50:36.000Z,34.38,42.86,BuildingB_Floor1,TypeC
1033,2025-04-07T20:15:05.000Z,20.52,58.26,BuildingB_Floor2,TypeC
1079,2025-04-05T06:02:25.000Z,26.78,57.06,BuildingA_Floor1,TypeA
1087,2025-04-06T21:36:23.000Z,18.43,72.1,BuildingA_Floor2,TypeC
1021,2025-04-04T10:40:51.000Z,25.99,37.49,BuildingB_Floor2,TypeA
1084,2025-04-07T16:01:38.000Z,30.64,75.1,BuildingB_Floor1,TypeB
1050,2025-04-08T12:22:20.000Z,23.68,68.63,BuildingB_Floor1,TypeA
1067,2025-04-04T11:27:38.000Z,31.49,52.68,BuildingB_Floor2,TypeA
1003,2025-04-06T12:26:51.000Z,34.33,79.77,BuildingA_Floor2,TypeA
1001,2025-04-04T00:01:40.000Z,25.16,35.34,BuildingA_Floor1,TypeA
1067,2025-04-07T03:27:56.000Z,31.67,60.6,BuildingA_Floor1,TypeA
1089,2025-04-06T05:50:59.000Z,15.4,68.65,BuildingB_Floor2,TypeB
1006,2025-04-04T13:36:09.000Z,19.67,45.91,BuildingA_Floor1,TypeB
1053,2025-04-07T20:59:13.000Z,26.08,32.18,BuildingB_Floor1,TypeB
1048,2025-04-04T20:41:26.000Z,25.68,76.73,BuildingA_Floor1,TypeA
1047,2025-04-07T05:14:46.000Z,33.34,51.2,BuildingB_Floor2,TypeA
1013,2025-04-04T15:33:58.000Z,17.11,37.54,BuildingA_Floor1,TypeB
1038,2025-04-07T23:13:16.000Z,33.1,78.52,BuildingA_Floor2,TypeA
1074,2025-04-04T10:10:14.000Z,27.76,78.63,BuildingA_Floor2,TypeC
1096,2025-04-06T06:34:47.000Z,32.5,64.04,BuildingB_Floor1,TypeC
1007,2025-04-06T10:39:55.000Z,21.05,75.47,BuildingA_Floor2,TypeA
1091,2025-04-07T17:41:11.000Z,16.56,77.92,BuildingA_Floor1,TypeA
1013,2025-04-07T05:11:02.000Z,20.72,41.34,BuildingB_Floor2,TypeA
1096,2025-04-07T14:37:46.000Z,23.23,55.77,BuildingB_Floor2,TypeC
1075,2025-04-05T14:53:34.000Z,27.7,39.97,BuildingB_Floor2,TypeA
1047,2025-04-05T12:49:58.000Z,26.89,47.45,BuildingA_Floor2,TypeA
1062,2025-04-07T23:30:08.000Z,32.64,39.06,BuildingA_Floor2,TypeA
1087,2025-04-05T07:37:39.000Z,20.23,68.73,BuildingA_Floor2,TypeA
1033,2025-04-05T09:32:04.000Z,21.03,32.08,BuildingA_Floor2,TypeB
1002,2025-04-06T13:18:03.000Z,23.92,39.15,BuildingA_Floor2,TypeB
1026,2025-04-04T20:20:06.000Z,22.05,33.17,BuildingB_Floor2,TypeA
1051,2025-04-08T18:47:45.000Z,25.05,66.17,BuildingA_Floor2,TypeC
1095,2025-04-07T09:01:45.000Z,31.02,79.4,BuildingB_Floor2,TypeC
1098,2025-04-04T16:42:51.000Z,17.05,39.89,BuildingB_Floor1,TypeB
1016,2025-04-06T19:57:05.000Z,15.33,76.57,BuildingA_Floor2,TypeB
1066,2025-04-05T05:38:12.000Z,27.15,71.92,BuildingA_Floor2,TypeA
1027,2025-04-04T09:50:34.000Z,32.48,37.16,BuildingA_Floor1,TypeC
1011,2025-04-05T00:54:38.000Z,21.43,45.83,BuildingA_Floor2,TypeB
1065,2025-04-05T19:56:58.000Z,18.9,78.44,BuildingA_Floor2,TypeB
1050,2025-04-05T20:06:18.000Z,28.85,34.01,BuildingB_Floor1,TypeC
1010,2025-04-06T15:30:27.000Z,30.51,42.5,BuildingA_Floor2,TypeC
1068,2025-04-04T12:10:26.000Z,20.24,45.68,BuildingA_Floor2,TypeA
1034,2025-04-08T17:22:57.000Z,20.57,47.04,BuildingB_Floor1,TypeC
1014,2025-04-06T23:20:49.000Z,21.19,34.48,BuildingB_Floor1,TypeA
1028,2025-04-04T12:58:53.000Z,27.8,77.44,BuildingB_Floor2,TypeC
1015,2025-04-06T08:17:02.000Z,26.49,75.56,BuildingB_Floor2,TypeA
1075,2025-04-04T13:53:12.000Z,29.63,50.21,BuildingA_Floor2,TypeB
1030,2025-04-05T12:32:57.000Z,32.16,60.74,BuildingB_Floor2,TypeB
1001,2025-04-06T08:26:49.000Z,24.6,50.42,BuildingB_Floor1,TypeC
1092,2025-04-04T07:34:20.000Z,22.35,50.11,BuildingB_Floor1,TypeC
1048,2025-04-08T18:00:16.000Z,23.18,74.78,BuildingB_Floor1,TypeB
1070,2025-04-05T11:48:05.000Z,31.19,32.44,BuildingB_Floor1,TypeC
1098,2025-04-04T10:39:47.000Z,16.21,74.33,BuildingA_Floor1,TypeA
1004,2025-04-08T00:48:16.000Z,28.83,43.47,BuildingB_Floor1,TypeC
1016,2025-04-05T23:59:00.000Z,27.69,35.21,BuildingB_Floor1,TypeB
1081,2025-04-04T19:48:45.000Z,32.39,44.8,BuildingB_Floor2,TypeA
1091,2025-04-08T09:19:09.000Z,26.37,64.14,BuildingA_Floor1,TypeB
1039,2025-04-08T20:20:33.000Z,24.03,36.61,BuildingB_Floor2,TypeC
1053,2025-04-07T09:34:11.000Z,27.39,56.06,BuildingA_Floor1,TypeB
1096,2025-04-08T18:27:25.000Z,32.07,56.69,BuildingA_Floor2,TypeC
1089,2025-04-06T20:58:19.000Z,33.27,31.82,BuildingB_Floor1,TypeB
1081,2025-04-08T03:56:58.000Z,25.91,48.37,BuildingB_Floor1,TypeC
1039,2025-04-08T13:42:46.000Z,22.27,55.47,BuildingB_Floor2,TypeC
1087,2025-04-05T01:00:41.000Z,29.84,75.6,BuildingA_Floor2,TypeA
1086,2025-04-07T23:29:57.000Z,25.46,37.11,BuildingB_Floor1,TypeB
1008,2025-04-04T04:21:58.000Z,33.13,41.6,BuildingA_Floor2,TypeA
1087,2025-04-06T22:34:06.000Z,21.32,44.61,BuildingA_Floor2,TypeC
1091,2025-04-06T11:13:19.000Z,32.46,45.26,BuildingA_Floor1,TypeA
1034,2025-04-05T18:04:47.000Z,32.59,78.8,BuildingB_Floor1,TypeA
1005,2025-04-05T03:46:05.000Z,27.17,53.25,BuildingA_Floor2,TypeC
1069,2025-04-05T03:30:30.000Z,21.19,47.45,BuildingB_Floor2,TypeC
1046,2025-04-07T23:48:09.000Z,21.28,45.06,BuildingA_Floor2,TypeB
1058,2025-04-05T05:22:37.000Z,18.68,51.79,BuildingA_Floor2,TypeA
1088,2025-04-04T21:04:46.000Z,34.86,74.9,BuildingA_Floor1,TypeA
1006,2025-04-06T02:32:05.000Z,29.44,76.08,BuildingA_Floor1,TypeB
1067,2025-04-06T13:37:55.000Z,20.3,40.68,BuildingA_Floor2,TypeB
1024,2025-04-08T14:42:36.000Z,28.62,40.81,BuildingB_Floor1,TypeB
1097,2025-04-08T02:58:43.000Z,34.1,78.76,BuildingB_Floor2,TypeA
1019,2025-04-08T14:26:07.000Z,19.38,69.39,BuildingA_Floor2,TypeB
1009,2025-04-07T13:46:36.000Z,23.07,69.76,BuildingB_Floor2,TypeB
1065,2025-04-05T15:35:15.000Z,18.03,51.36,BuildingA_Floor2,TypeA
1049,2025-04-08T19:53:02.000Z,18.73,53.1,BuildingA_Floor1,TypeA
1054,2025-04-07T07:28:46.000Z,34.54,60.07,BuildingB_Floor1,TypeC
1055,2025-04-07T08:06:43.000Z,23.92,40.78,BuildingA_Floor1,TypeC
1002,2025-04-04T09:51:38.000Z,16.68,70.55,BuildingB_Floor2,TypeA
1013,2025-04-08T01:26:59.000Z,20.15,47.02,BuildingA_Floor2,TypeA
1061,2025-04-04T12:09:35.000Z,24.98,66.08,BuildingA_Floor1,TypeB
1020,2025-04-06T20:57:28.000Z,26.49,60.45,BuildingA_Floor1,TypeB
1021,2025-04-04T21:05:37.000Z,26.14,69.49,BuildingA_Floor2,TypeB
1097,2025-04-07T14:22:29.000Z,20.45,64.34,BuildingA_Floor1,TypeC
1050,2025-04-06T00:16:34.000Z,21.83,35.47,BuildingA_Floor1,TypeC
1079,2025-04-04T22:19:26.000Z,23.5,71.88,BuildingA_Floor2,TypeC
